Name,Chart Date,Rank,Channel URL,Thumbnail URL
The Joe Rogan Experience,"June 7, 2025",1,https://www.youtube.com/playlist?list=PLk1Sqn_f33KuWf3tW9BBe_4TP7x8l0m3T,https://i.ytimg.com/pl_c/PLk1Sqn_f33KuWf3tW9BBe_4TP7x8l0m3T/studio_square_thumbnail.jpg?sqp=CPrYkMIG-oaymwEICHgQeCAASFqi85f_AwYIp_bxswY&rs=AMzJL3lSGCl_AuXdP9Xn2MQro0au187t5Q
Rotten Mango,"June 2, 2025",1,https://www.youtube.com/playlist?list=PLsDkDDndB1qsQToK8Ec0E0F8x6iLHWv5O,https://i.ytimg.com/pl_c/PLsDkDDndB1qsQToK8Ec0E0F8x6iLHWv5O/studio_square_thumbnail.jpg?sqp=CMvv9sEG-oaymwEICHgQeCAASFqi85f_AwYI7aC4oQY&rs=AMzJL3k3BWtljSwb3DWqQCFqnA0o7hDwcg
Rotten Mango,"May 29, 2025",1,https://www.youtube.com/playlist?list=PLsDkDDndB1qsQToK8Ec0E0F8x6iLHWv5O,https://i.ytimg.com/pl_c/PLsDkDDndB1qsQToK8Ec0E0F8x6iLHWv5O/studio_square_thumbnail.jpg?sqp=CMrx4cEG-oaymwEICHgQeCAASFqi85f_AwYI7aC4oQY&rs=AMzJL3lVdtBCRTZS8U2qZF_U_UuW1q5mRA
Call Her Daddy Podcast,"June 7, 2025",2,https://www.youtube.com/playlist?list=PLGqHFvYjXKcipJd5WZKt-oG4Xaau9aR4D,https://i.ytimg.com/pl_c/PLGqHFvYjXKcipJd5WZKt-oG4Xaau9aR4D/studio_square_thumbnail.jpg?sqp=CPrYkMIG-oaymwEICHgQeCAASFqi85f_AwYIvNjeqAY&rs=AMzJL3nVSQFIzU3W3o880DPtHzdfkhIwQA
The Joe Rogan Experience,"June 2, 2025",2,https://www.youtube.com/playlist?list=PLk1Sqn_f33KuWf3tW9BBe_4TP7x8l0m3T,https://i.ytimg.com/pl_c/PLk1Sqn_f33KuWf3tW9BBe_4TP7x8l0m3T/studio_square_thumbnail.jpg?sqp=CMvv9sEG-oaymwEICHgQeCAASFqi85f_AwYIp_bxswY&rs=AMzJL3keDEXnLym21BCvu_0-TznAYv7fFQ
The Joe Rogan Experience,"May 29, 2025",2,https://www.youtube.com/playlist?list=PLk1Sqn_f33KuWf3tW9BBe_4TP7x8l0m3T,https://i.ytimg.com/pl_c/PLk1Sqn_f33KuWf3tW9BBe_4TP7x8l0m3T/studio_square_thumbnail.jpg?sqp=CMrx4cEG-oaymwEICHgQeCAASFqi85f_AwYIp_bxswY&rs=AMzJL3lzhECyyzUCQhnkxfhDWPGe6KF2iw
Rotten Mango,"June 7, 2025",3,https://www.youtube.com/playlist?list=PLsDkDDndB1qsQToK8Ec0E0F8x6iLHWv5O,https://i.ytimg.com/pl_c/PLsDkDDndB1qsQToK8Ec0E0F8x6iLHWv5O/studio_square_thumbnail.jpg?sqp=CPrYkMIG-oaymwEICHgQeCAASFqi85f_AwYI7aC4oQY&rs=AMzJL3mI2Cm3MNE0VunkOeWQmJ4Q3MhuyA
Kill Tony,"June 2, 2025",3,https://www.youtube.com/playlist?list=PLD8Xk89jYzqSAjDsjIfndRA1uZKzwIxm-,https://i.ytimg.com/pl_c/PLD8Xk89jYzqSAjDsjIfndRA1uZKzwIxm-/studio_square_thumbnail.jpg?sqp=CMvv9sEG-oaymwEICHgQeCAASFqi85f_AwYIn_nPwAY&rs=AMzJL3k4AOMHT3lnLfkQqa6UR8bbuVaaQg
Kill Tony,"May 29, 2025",3,https://www.youtube.com/playlist?list=PLD8Xk89jYzqSAjDsjIfndRA1uZKzwIxm-,https://i.ytimg.com/pl_c/PLD8Xk89jYzqSAjDsjIfndRA1uZKzwIxm-/studio_square_thumbnail.jpg?sqp=CMrx4cEG-oaymwEICHgQeCAASFqi85f_AwYIn_nPwAY&rs=AMzJL3l8v9xZkXfkvRBdCDcM5QtH-i0cdw
Kill Tony,"June 7, 2025",4,https://www.youtube.com/playlist?list=PLD8Xk89jYzqSAjDsjIfndRA1uZKzwIxm-,https://i.ytimg.com/pl_c/PLD8Xk89jYzqSAjDsjIfndRA1uZKzwIxm-/studio_square_thumbnail.jpg?sqp=CPrYkMIG-oaymwEICHgQeCAASFqi85f_AwYIn_nPwAY&rs=AMzJL3l-Mxi48iTHBAUe6hPLL4c57S5R4Q
48 Hours,"June 2, 2025",4,https://www.youtube.com/playlist?list=PLcFHkKbd_jTJiRmfUfLX2Ay_hnf5j3cxH,https://i.ytimg.com/pl_c/PLcFHkKbd_jTJiRmfUfLX2Ay_hnf5j3cxH/studio_square_thumbnail.jpg?sqp=CMvv9sEG-oaymwEICHgQeCAASFqi85f_AwYI6ofboQY&rs=AMzJL3nWjfalC92BBIpciFr_hTPai8Zmlg
48 Hours,"May 29, 2025",4,https://www.youtube.com/playlist?list=PLcFHkKbd_jTJiRmfUfLX2Ay_hnf5j3cxH,https://i.ytimg.com/pl_c/PLcFHkKbd_jTJiRmfUfLX2Ay_hnf5j3cxH/studio_square_thumbnail.jpg?sqp=CMrx4cEG-oaymwEICHgQeCAASFqi85f_AwYI6ofboQY&rs=AMzJL3mtXVxYGoDqjWxyhJ1dclPvpCb3yg
48 Hours,"June 7, 2025",5,https://www.youtube.com/playlist?list=PLcFHkKbd_jTJiRmfUfLX2Ay_hnf5j3cxH,https://i.ytimg.com/pl_c/PLcFHkKbd_jTJiRmfUfLX2Ay_hnf5j3cxH/studio_square_thumbnail.jpg?sqp=CPrYkMIG-oaymwEICHgQeCAASFqi85f_AwYI6ofboQY&rs=AMzJL3kU2K4G__tlxh3KFazKBL2kJDL6PA
The MeidasTouch Podcast,"June 2, 2025",5,https://www.youtube.com/playlist?list=PL36GQAccexbwFPOGmbf5pFE32VmyC7ui3,https://i.ytimg.com/pl_c/PL36GQAccexbwFPOGmbf5pFE32VmyC7ui3/studio_square_thumbnail.jpg?sqp=CMvv9sEG-oaymwEICHgQeCAASFqi85f_AwYI_fHTqwY&rs=AMzJL3kgTHZaWs5y-2mMNZ24wVpHVjQluQ
The MeidasTouch Podcast,"May 29, 2025",5,https://www.youtube.com/playlist?list=PL36GQAccexbwFPOGmbf5pFE32VmyC7ui3,https://i.ytimg.com/pl_c/PL36GQAccexbwFPOGmbf5pFE32VmyC7ui3/studio_square_thumbnail.jpg?sqp=CMrx4cEG-oaymwEICHgQeCAASFqi85f_AwYI_fHTqwY&rs=AMzJL3mEDlgKLu9Ft78Qaz077nbTrJKPRg
Shawn Ryan Show,"June 7, 2025",6,https://www.youtube.com/playlist?list=PL4pqo9Uoh0WuUKxw0BmaK1yrg9Kd7E4lk,https://i.ytimg.com/pl_c/PL4pqo9Uoh0WuUKxw0BmaK1yrg9Kd7E4lk/studio_square_thumbnail.jpg?sqp=CPrYkMIG-oaymwEICHgQeCAASFqi85f_AwYIx6PUrwY&rs=AMzJL3kQxm-GyjJ7BNPmGgsIfPrgfbCjTw
Smosh Reads Reddit Stories,"June 2, 2025",6,https://www.youtube.com/playlist?list=PLcL9r1K3TSwpOVyQKP1MruSuY-NS99iQY,https://i.ytimg.com/pl_c/PLcL9r1K3TSwpOVyQKP1MruSuY-NS99iQY/studio_square_thumbnail.jpg?sqp=CMvv9sEG-oaymwEICHgQeCAASFqi85f_AwYI7qnCpQY&rs=AMzJL3nDuvWGRk75_DiX7IffEMcH67mPfg
Smosh Reads Reddit Stories,"May 29, 2025",6,https://www.youtube.com/playlist?list=PLcL9r1K3TSwpOVyQKP1MruSuY-NS99iQY,https://i.ytimg.com/pl_c/PLcL9r1K3TSwpOVyQKP1MruSuY-NS99iQY/studio_square_thumbnail.jpg?sqp=CMrx4cEG-oaymwEICHgQeCAASFqi85f_AwYI7qnCpQY&rs=AMzJL3lRNmLrXHKYqu8bTGySWOvBwtNVeg
Smosh Reads Reddit Stories,"June 7, 2025",7,https://www.youtube.com/playlist?list=PLcL9r1K3TSwpOVyQKP1MruSuY-NS99iQY,https://i.ytimg.com/pl_c/PLcL9r1K3TSwpOVyQKP1MruSuY-NS99iQY/studio_square_thumbnail.jpg?sqp=CPrYkMIG-oaymwEICHgQeCAASFqi85f_AwYI7qnCpQY&rs=AMzJL3knEQaNXYvyddmLh3tBgZ2upENUTw
Law&Crime Sidebar with Jesse Weber,"June 2, 2025",7,https://www.youtube.com/playlist?list=PLoW1SIeAWaWZYq0PyVsTAP7kQaPMEY810,https://i.ytimg.com/pl_c/PLoW1SIeAWaWZYq0PyVsTAP7kQaPMEY810/studio_square_thumbnail.jpg?sqp=CMvv9sEG-oaymwEICHgQeCAASFqi85f_AwYIiJvcugY&rs=AMzJL3ko9AsYmE-tPiz-VFADTjPYyWxerA
Law&Crime Sidebar with Jesse Weber,"May 29, 2025",7,https://www.youtube.com/playlist?list=PLoW1SIeAWaWZYq0PyVsTAP7kQaPMEY810,https://i.ytimg.com/pl_c/PLoW1SIeAWaWZYq0PyVsTAP7kQaPMEY810/studio_square_thumbnail.jpg?sqp=CMrx4cEG-oaymwEICHgQeCAASFqi85f_AwYIiJvcugY&rs=AMzJL3mf0RbF3XMd6SJaLb7MX99AFfdFXw
Law&Crime Sidebar with Jesse Weber,"June 7, 2025",8,https://www.youtube.com/playlist?list=PLoW1SIeAWaWZYq0PyVsTAP7kQaPMEY810,https://i.ytimg.com/pl_c/PLoW1SIeAWaWZYq0PyVsTAP7kQaPMEY810/studio_square_thumbnail.jpg?sqp=CPrYkMIG-oaymwEICHgQeCAASFqi85f_AwYIiJvcugY&rs=AMzJL3m0mny-NzYiEcn6Ctzc9OHu8ozdNw
Shawn Ryan Show,"June 2, 2025",8,https://www.youtube.com/playlist?list=PL4pqo9Uoh0WuUKxw0BmaK1yrg9Kd7E4lk,https://i.ytimg.com/pl_c/PL4pqo9Uoh0WuUKxw0BmaK1yrg9Kd7E4lk/studio_square_thumbnail.jpg?sqp=CMvv9sEG-oaymwEICHgQeCAASFqi85f_AwYIx6PUrwY&rs=AMzJL3n6wRlzBU8uDXpDH2D2LouUBF5C5g
Shawn Ryan Show,"May 29, 2025",8,https://www.youtube.com/playlist?list=PL4pqo9Uoh0WuUKxw0BmaK1yrg9Kd7E4lk,https://i.ytimg.com/pl_c/PL4pqo9Uoh0WuUKxw0BmaK1yrg9Kd7E4lk/studio_square_thumbnail.jpg?sqp=CMrx4cEG-oaymwEICHgQeCAASFqi85f_AwYIx6PUrwY&rs=AMzJL3lJOySw7KkhE8UUoKIM8grYzgvXYg
Live Trials with Emily D. Baker,"June 7, 2025",9,https://www.youtube.com/playlist?list=PLsbUyvZas7gKOJlfL__9F027hlETVU-vo,https://i.ytimg.com/pl_c/PLsbUyvZas7gKOJlfL__9F027hlETVU-vo/studio_square_thumbnail.jpg?sqp=CPrYkMIG-oaymwEICHgQeCAASFqi85f_AwYIzoTZwQY&rs=AMzJL3khZvNYIgUCCe3W0lPWVJxTXOFahg
This Past Weekend w/ Theo Von,"June 2, 2025",9,https://www.youtube.com/playlist?list=PLY155lJX6_wcTzyjW2sGB4sTT5ZkivwnN,https://i.ytimg.com/pl_c/PLY155lJX6_wcTzyjW2sGB4sTT5ZkivwnN/studio_square_thumbnail.jpg?sqp=CMvv9sEG-oaymwEICHgQeCAASFqi85f_AwYI4fLNoAY&rs=AMzJL3ksdkYHILDrBKXkl8NgBJHpQn6jbw
This Past Weekend w/ Theo Von,"May 29, 2025",9,https://www.youtube.com/playlist?list=PLY155lJX6_wcTzyjW2sGB4sTT5ZkivwnN,https://i.ytimg.com/pl_c/PLY155lJX6_wcTzyjW2sGB4sTT5ZkivwnN/studio_square_thumbnail.jpg?sqp=CMrx4cEG-oaymwEICHgQeCAASFqi85f_AwYI4fLNoAY&rs=AMzJL3muXTlp58ubFLhL71YsqjqJwcyaZQ
The MeidasTouch Podcast,"June 7, 2025",10,https://www.youtube.com/playlist?list=PL36GQAccexbwFPOGmbf5pFE32VmyC7ui3,https://i.ytimg.com/pl_c/PL36GQAccexbwFPOGmbf5pFE32VmyC7ui3/studio_square_thumbnail.jpg?sqp=CPrYkMIG-oaymwEICHgQeCAASFqi85f_AwYI_fHTqwY&rs=AMzJL3mvvwq5iwNtxH6jiiKgRJ6hFL2m5Q
The Tucker Carlson Show,"June 2, 2025",10,https://www.youtube.com/playlist?list=PLYa964dzJh1J545AyFlLepb2Prert15te,https://i.ytimg.com/pl_c/PLYa964dzJh1J545AyFlLepb2Prert15te/studio_square_thumbnail.jpg?sqp=CMvv9sEG-oaymwEICHgQeCAASFqi85f_AwYIuL7EtQY&rs=AMzJL3nA622GuuwnbNt3-teifEkJQhMK5w
The Tucker Carlson Show,"May 29, 2025",10,https://www.youtube.com/playlist?list=PLYa964dzJh1J545AyFlLepb2Prert15te,https://i.ytimg.com/pl_c/PLYa964dzJh1J545AyFlLepb2Prert15te/studio_square_thumbnail.jpg?sqp=CMrx4cEG-oaymwEICHgQeCAASFqi85f_AwYIuL7EtQY&rs=AMzJL3kZmtR01YHl_3DZvdrjmuRg0SrKgw
Dr Insanity,"June 7, 2025",11,https://www.youtube.com/playlist?list=PLbuShuUyOZf38uFsn2BTTeUOiqpcH0fNS,https://i.ytimg.com/pl_c/PLbuShuUyOZf38uFsn2BTTeUOiqpcH0fNS/studio_square_thumbnail.jpg?sqp=CPrYkMIG-oaymwEICHgQeCAASFqi85f_AwYIwvW-wAY&rs=AMzJL3mTEqgTdMHkcSCusBhA4zFkhtwbQg
The Pat McAfee Show,"June 2, 2025",11,https://www.youtube.com/playlist?list=PLeBO0zY8b9XkbJgjfxGlCVCGc0ve8wQj2,https://yt3.ggpht.com/ytc/AIdro_nBgMGIxgHehCAlUUepEhd9Yooi1I55k6IF2WExl-v8Q-c=w80-h80-p-k-c0x00000000-no-rj-rp
The Pat McAfee Show,"May 29, 2025",11,https://www.youtube.com/playlist?list=PLeBO0zY8b9XkbJgjfxGlCVCGc0ve8wQj2,https://yt3.ggpht.com/ytc/AIdro_nBgMGIxgHehCAlUUepEhd9Yooi1I55k6IF2WExl-v8Q-c=w80-h80-p-k-c0x00000000-no-rj-rp
This Past Weekend w/ Theo Von,"June 7, 2025",12,https://www.youtube.com/playlist?list=PLY155lJX6_wcTzyjW2sGB4sTT5ZkivwnN,https://i.ytimg.com/pl_c/PLY155lJX6_wcTzyjW2sGB4sTT5ZkivwnN/studio_square_thumbnail.jpg?sqp=CPrYkMIG-oaymwEICHgQeCAASFqi85f_AwYI4fLNoAY&rs=AMzJL3mxKLgz4vCPwp5ycn8Cc0IvhVyPWw
Creepcast,"June 2, 2025",12,https://www.youtube.com/playlist?list=PLvHEW7MQGDUUO0Zh1_f3aSVq0IcmPE6d8,https://i.ytimg.com/pl_c/PLvHEW7MQGDUUO0Zh1_f3aSVq0IcmPE6d8/studio_square_thumbnail.jpg?sqp=CMvv9sEG-oaymwEICHgQeCAASFqi85f_AwYIidytwQY&rs=AMzJL3lvErx6lS3UEi8n1bFKOut9yUM0DQ
Creepcast,"May 29, 2025",12,https://www.youtube.com/playlist?list=PLvHEW7MQGDUUO0Zh1_f3aSVq0IcmPE6d8,https://i.ytimg.com/pl_c/PLvHEW7MQGDUUO0Zh1_f3aSVq0IcmPE6d8/studio_square_thumbnail.jpg?sqp=CMrx4cEG-oaymwEICHgQeCAASFqi85f_AwYIidytwQY&rs=AMzJL3llTt7jVvDghuRQjfRtMFY9zHXOlA
Creepcast,"June 7, 2025",13,https://www.youtube.com/playlist?list=PLvHEW7MQGDUUO0Zh1_f3aSVq0IcmPE6d8,https://i.ytimg.com/pl_c/PLvHEW7MQGDUUO0Zh1_f3aSVq0IcmPE6d8/studio_square_thumbnail.jpg?sqp=CPrYkMIG-oaymwEICHgQeCAASFqi85f_AwYIidytwQY&rs=AMzJL3kgLAc41rZ8VIiUKzlwttU9TlPosA
H3 Podcast,"June 2, 2025",13,https://www.youtube.com/playlist?list=PLvcSNZqNYJCn_rVbHeJ0SrxQ4oDrlUlbr,https://i.ytimg.com/pl_c/PLvcSNZqNYJCn_rVbHeJ0SrxQ4oDrlUlbr/studio_square_thumbnail.jpg?sqp=CMvv9sEG-oaymwEICHgQeCAASFqi85f_AwYIuua9sgY&rs=AMzJL3mAec32MbaRrz5XtdWqYGwwDHL1Ug
H3 Podcast,"May 29, 2025",13,https://www.youtube.com/playlist?list=PLvcSNZqNYJCn_rVbHeJ0SrxQ4oDrlUlbr,https://i.ytimg.com/pl_c/PLvcSNZqNYJCn_rVbHeJ0SrxQ4oDrlUlbr/studio_square_thumbnail.jpg?sqp=CMrx4cEG-oaymwEICHgQeCAASFqi85f_AwYIuua9sgY&rs=AMzJL3kBa77qSsQ3SfaVRyLtfgmVX5eEPA
The Diary Of A CEO,"June 7, 2025",14,https://www.youtube.com/playlist?list=PL22egh3ok4cP0T7UZRmP6TMLErZYWMN-l,https://i.ytimg.com/pl_c/PL22egh3ok4cP0T7UZRmP6TMLErZYWMN-l/studio_square_thumbnail.jpg?sqp=CPrYkMIG-oaymwEICHgQeCAASFqi85f_AwYI2uy3ugY&rs=AMzJL3ki0DM5rOum703d5xP2ONeet9PbyQ
The Diary Of A CEO,"June 2, 2025",14,https://www.youtube.com/playlist?list=PL22egh3ok4cP0T7UZRmP6TMLErZYWMN-l,https://i.ytimg.com/pl_c/PL22egh3ok4cP0T7UZRmP6TMLErZYWMN-l/studio_square_thumbnail.jpg?sqp=CMvv9sEG-oaymwEICHgQeCAASFqi85f_AwYI2uy3ugY&rs=AMzJL3nXMVafHxqYGNAzSb6Bx9MOs9EuPQ
The Diary Of A CEO,"May 29, 2025",14,https://www.youtube.com/playlist?list=PL22egh3ok4cP0T7UZRmP6TMLErZYWMN-l,https://i.ytimg.com/pl_c/PL22egh3ok4cP0T7UZRmP6TMLErZYWMN-l/studio_square_thumbnail.jpg?sqp=CMrx4cEG-oaymwEICHgQeCAASFqi85f_AwYI2uy3ugY&rs=AMzJL3mX4bhrs3XIc7sSvQoxCQ0WZMIjZg
The Pat McAfee Show,"June 7, 2025",15,https://www.youtube.com/playlist?list=PLeBO0zY8b9XkbJgjfxGlCVCGc0ve8wQj2,https://yt3.ggpht.com/ytc/AIdro_nBgMGIxgHehCAlUUepEhd9Yooi1I55k6IF2WExl-v8Q-c=w80-h80-p-k-c0x00000000-no-rj-rp
Club Shay Shay,"June 2, 2025",15,https://www.youtube.com/playlist?list=PL3HBXH4B3cMYYZwGyU3v02E9g6ICndQfm,https://i.ytimg.com/pl_c/PL3HBXH4B3cMYYZwGyU3v02E9g6ICndQfm/studio_square_thumbnail.jpg?sqp=CMvv9sEG-oaymwEICHgQeCAASFqi85f_AwYI48O_wQY&rs=AMzJL3noLksAdMQH8yUHmzdAgTIGmXLNow
Club Shay Shay,"May 29, 2025",15,https://www.youtube.com/playlist?list=PL3HBXH4B3cMYYZwGyU3v02E9g6ICndQfm,https://i.ytimg.com/pl_c/PL3HBXH4B3cMYYZwGyU3v02E9g6ICndQfm/studio_square_thumbnail.jpg?sqp=CMrx4cEG-oaymwEICHgQeCAASFqi85f_AwYI48O_wQY&rs=AMzJL3lfkAwDuIcKxkw6SXrsM-zFo1qTCg
60 Minutes,"June 7, 2025",16,https://www.youtube.com/playlist?list=PLI1yx5Z0Lrv7kEctMwpbBwC6mtWdaiXEH,https://i.ytimg.com/pl_c/PLI1yx5Z0Lrv7kEctMwpbBwC6mtWdaiXEH/studio_square_thumbnail.jpg?sqp=CPrYkMIG-oaymwEICHgQeCAASFqi85f_AwYIg_uFogY&rs=AMzJL3k3JhYCmOaEY9HmCBrGhFupPgOUmw
The Megyn Kelly Show,"June 2, 2025",16,https://www.youtube.com/playlist?list=PLxQKTUDVHEbSTt5cXhMZtWl5tyR7H5ofT,https://i.ytimg.com/pl_c/PLxQKTUDVHEbSTt5cXhMZtWl5tyR7H5ofT/studio_square_thumbnail.jpg?sqp=CMvv9sEG-oaymwEICHgQeCAASFqi85f_AwYIgePUsQY&rs=AMzJL3nyyJrk_EBUC_4e9AF24ifX3K9tRw
The Megyn Kelly Show,"May 29, 2025",16,https://www.youtube.com/playlist?list=PLxQKTUDVHEbSTt5cXhMZtWl5tyR7H5ofT,https://i.ytimg.com/pl_c/PLxQKTUDVHEbSTt5cXhMZtWl5tyR7H5ofT/studio_square_thumbnail.jpg?sqp=CMrx4cEG-oaymwEICHgQeCAASFqi85f_AwYIgePUsQY&rs=AMzJL3leYvodvIW7QlCTnPXIV0G1PfMv6w
H3 Podcast,"June 7, 2025",17,https://www.youtube.com/playlist?list=PLvcSNZqNYJCn_rVbHeJ0SrxQ4oDrlUlbr,https://i.ytimg.com/pl_c/PLvcSNZqNYJCn_rVbHeJ0SrxQ4oDrlUlbr/studio_square_thumbnail.jpg?sqp=CPrYkMIG-oaymwEICHgQeCAASFqi85f_AwYIuua9sgY&rs=AMzJL3loiC17btlLXC9lnYb3EtAMzZatSQ
The Lawyer You Know Podcast on Karen Read,"June 2, 2025",17,https://www.youtube.com/playlist?list=PLTjIJ7zrQ_srydOiVW-PI91fo7meanz3z,https://i.ytimg.com/pl_c/PLTjIJ7zrQ_srydOiVW-PI91fo7meanz3z/studio_square_thumbnail.jpg?sqp=CMvv9sEG-oaymwEICHgQeCAASFqi85f_AwYI9OvtwQY&rs=AMzJL3m4u6c5FQxgmm4bSOXqDQngJboBug
The Lawyer You Know Podcast on Karen Read,"May 29, 2025",17,https://www.youtube.com/playlist?list=PLTjIJ7zrQ_srydOiVW-PI91fo7meanz3z,https://i.ytimg.com/pl_c/PLTjIJ7zrQ_srydOiVW-PI91fo7meanz3z/studio_square_thumbnail.jpg?sqp=CMrx4cEG-oaymwEICHgQeCAASFqi85f_AwYI8dujtQY&rs=AMzJL3l8jXzXAm2GT_JfAzJ_96dNZtO4ZA
The Tucker Carlson Show,"June 7, 2025",18,https://www.youtube.com/playlist?list=PLYa964dzJh1J545AyFlLepb2Prert15te,https://i.ytimg.com/pl_c/PLYa964dzJh1J545AyFlLepb2Prert15te/studio_square_thumbnail.jpg?sqp=CPrYkMIG-oaymwEICHgQeCAASFqi85f_AwYIuL7EtQY&rs=AMzJL3lrcl96Qa3lwJXnG5jpnrBx8VJlkQ
Crime Stories with Nancy Grace,"June 2, 2025",18,https://www.youtube.com/playlist?list=PLf659lY8aUPoTrtcRvUjQHP0omHH9rZZs,https://i.ytimg.com/pl_c/PLf659lY8aUPoTrtcRvUjQHP0omHH9rZZs/studio_square_thumbnail.jpg?sqp=CMvv9sEG-oaymwEICHgQeCAASFqi85f_AwYIjfPergY&rs=AMzJL3mdaV7RK_xtsGLICc8tHZamqNndVQ
Crime Stories with Nancy Grace,"May 29, 2025",18,https://www.youtube.com/playlist?list=PLf659lY8aUPoTrtcRvUjQHP0omHH9rZZs,https://i.ytimg.com/pl_c/PLf659lY8aUPoTrtcRvUjQHP0omHH9rZZs/studio_square_thumbnail.jpg?sqp=CMrx4cEG-oaymwEICHgQeCAASFqi85f_AwYIjfPergY&rs=AMzJL3k2-7kMdNBEeDavRNg4deXGXB7kQg
The Lawyer You Know Podcast on Karen Read,"June 7, 2025",19,https://www.youtube.com/playlist?list=PLTjIJ7zrQ_srydOiVW-PI91fo7meanz3z,https://i.ytimg.com/pl_c/PLTjIJ7zrQ_srydOiVW-PI91fo7meanz3z/studio_square_thumbnail.jpg?sqp=CPrYkMIG-oaymwEICHgQeCAASFqi85f_AwYI9OvtwQY&rs=AMzJL3nfQJ0-OCf-IMVSlvJSUZyGnI1mDQ
PBD Podcast,"June 2, 2025",19,https://www.youtube.com/playlist?list=PLQ-rUC37UWfNNU4XtJhMfNzfCTaytD_RV,https://i.ytimg.com/pl_c/PLQ-rUC37UWfNNU4XtJhMfNzfCTaytD_RV/studio_square_thumbnail.jpg?sqp=CMvv9sEG-oaymwEICHgQeCAASFqi85f_AwYI6t_7oQY&rs=AMzJL3l3GsCl5hWosVgVDpa2P2CHk3Kbhg
PBD Podcast,"May 29, 2025",19,https://www.youtube.com/playlist?list=PLQ-rUC37UWfNNU4XtJhMfNzfCTaytD_RV,https://i.ytimg.com/pl_c/PLQ-rUC37UWfNNU4XtJhMfNzfCTaytD_RV/studio_square_thumbnail.jpg?sqp=CMrx4cEG-oaymwEICHgQeCAASFqi85f_AwYI6t_7oQY&rs=AMzJL3nNkpGHdWafxoOCVLISdxFbSf_t6w
Lex Fridman Podcast,"June 7, 2025",20,https://www.youtube.com/playlist?list=PLrAXtmErZgOdP_8GztsuKi9nrraNbKKp4,https://i.ytimg.com/pl_c/PLrAXtmErZgOdP_8GztsuKi9nrraNbKKp4/studio_square_thumbnail.jpg?sqp=CPrYkMIG-oaymwEICHgQeCAASFqi85f_AwYI15SpoAY&rs=AMzJL3nZtD8OuBe_WhpcykqbifMiTxgZzQ
Dr Insanity,"June 2, 2025",20,https://www.youtube.com/playlist?list=PLbuShuUyOZf38uFsn2BTTeUOiqpcH0fNS,https://i.ytimg.com/pl_c/PLbuShuUyOZf38uFsn2BTTeUOiqpcH0fNS/studio_square_thumbnail.jpg?sqp=CMvv9sEG-oaymwEICHgQeCAASFqi85f_AwYIwvW-wAY&rs=AMzJL3muxTHXzlOAj6ElDjbKjwpOy1RR5A
Dr Insanity,"May 29, 2025",20,https://www.youtube.com/playlist?list=PLbuShuUyOZf38uFsn2BTTeUOiqpcH0fNS,https://i.ytimg.com/pl_c/PLbuShuUyOZf38uFsn2BTTeUOiqpcH0fNS/studio_square_thumbnail.jpg?sqp=CMrx4cEG-oaymwEICHgQeCAASFqi85f_AwYIwvW-wAY&rs=AMzJL3n_CcpOp2pTsFqdIJIpxfRAGsAuqQ
"Murder, Mystery & Makeup","June 7, 2025",21,https://www.youtube.com/playlist?list=PLCprSpAj-wvAf6l9ulK_2B_4BrHJM4j1s,https://i.ytimg.com/pl_c/PLCprSpAj-wvAf6l9ulK_2B_4BrHJM4j1s/studio_square_thumbnail.jpg?sqp=CPrYkMIG-oaymwEICHgQeCAASFqi85f_AwYI7I7lwAY&rs=AMzJL3lrNtDpTh_ZhjcHBedCQpfOB05v7w
Gil's Arena,"June 2, 2025",21,https://www.youtube.com/playlist?list=PLXNdELUOZ_QE3-OyH20frNUqC93odBbdd,https://yt3.ggpht.com/3cVzUueLkd0H7rFviSVwb7IrG9rxvXN_Ggwzd9DJkDafz7g7LfxKzXN9wMFxnKfjfda96h1bdA=w80-h80-p-k-c0x00000000-no-rj-rp
Gil's Arena,"May 29, 2025",21,https://www.youtube.com/playlist?list=PLXNdELUOZ_QE3-OyH20frNUqC93odBbdd,https://yt3.ggpht.com/3cVzUueLkd0H7rFviSVwb7IrG9rxvXN_Ggwzd9DJkDafz7g7LfxKzXN9wMFxnKfjfda96h1bdA=w80-h80-p-k-c0x00000000-no-rj-rp
PBD Podcast,"June 7, 2025",22,https://www.youtube.com/playlist?list=PLQ-rUC37UWfNNU4XtJhMfNzfCTaytD_RV,https://i.ytimg.com/pl_c/PLQ-rUC37UWfNNU4XtJhMfNzfCTaytD_RV/studio_square_thumbnail.jpg?sqp=CPrYkMIG-oaymwEICHgQeCAASFqi85f_AwYI6t_7oQY&rs=AMzJL3kmwGeQf84pTF_XpsFUewZft81P6g
Flagrant,"June 2, 2025",22,https://www.youtube.com/playlist?list=PL1JULMhsLAypfSsBputK5dah9WKASIo-v,https://yt3.ggpht.com/wMqCGR8MTIZATZ84oyLQgUix8tDEUmzMd_6rn-oh0WAoP8Z_UQ26DlRmkFGlANnAg1zWhm79=w80-h80-p-k-c0x00000000-no-rj-rp
Flagrant,"May 29, 2025",22,https://www.youtube.com/playlist?list=PL1JULMhsLAypfSsBputK5dah9WKASIo-v,https://yt3.ggpht.com/wMqCGR8MTIZATZ84oyLQgUix8tDEUmzMd_6rn-oh0WAoP8Z_UQ26DlRmkFGlANnAg1zWhm79=w80-h80-p-k-c0x00000000-no-rj-rp
Bad Friends Podcast,"June 7, 2025",23,https://www.youtube.com/playlist?list=PLa7q8UDa6tvGRXE3-pdbiDQ-5_jRpqOkf,https://i.ytimg.com/pl_c/PLa7q8UDa6tvGRXE3-pdbiDQ-5_jRpqOkf/studio_square_thumbnail.jpg?sqp=CPrYkMIG-oaymwEICHgQeCAASFqi85f_AwYI5sKmwAY&rs=AMzJL3k8lcmCAm8t2p7txvGBqgzSKCdPUA
"Murder, Mystery & Makeup","June 2, 2025",23,https://www.youtube.com/playlist?list=PLCprSpAj-wvAf6l9ulK_2B_4BrHJM4j1s,https://i.ytimg.com/pl_c/PLCprSpAj-wvAf6l9ulK_2B_4BrHJM4j1s/studio_square_thumbnail.jpg?sqp=CMvv9sEG-oaymwEICHgQeCAASFqi85f_AwYI7I7lwAY&rs=AMzJL3mJzPJ48WD99Sl3Z1kVD8vh6mvQkQ
"Murder, Mystery & Makeup","May 29, 2025",23,https://www.youtube.com/playlist?list=PLCprSpAj-wvAf6l9ulK_2B_4BrHJM4j1s,https://i.ytimg.com/pl_c/PLCprSpAj-wvAf6l9ulK_2B_4BrHJM4j1s/studio_square_thumbnail.jpg?sqp=CMrx4cEG-oaymwEICHgQeCAASFqi85f_AwYI7I7lwAY&rs=AMzJL3ljF_vC3ODWhj8BN9TjUkNORjd8QA
Unsubscribe Podcast,"June 7, 2025",24,https://www.youtube.com/playlist?list=PLxr_icJa4SxrENJtMIcdLgtUrfldWyEeE,https://i.ytimg.com/pl_c/PLxr_icJa4SxrENJtMIcdLgtUrfldWyEeE/studio_square_thumbnail.jpg?sqp=CPrYkMIG-oaymwEICHgQeCAASFqi85f_AwYI0bCxsAY&rs=AMzJL3lkMc4Sd8wlsKUfrloBrZbpqP-99A
Timcast IRL,"June 2, 2025",24,https://www.youtube.com/playlist?list=PLErukX1W1OYjFx2pG8zjWiMuPMG0F-LbI,https://i.ytimg.com/pl_c/PLErukX1W1OYjFx2pG8zjWiMuPMG0F-LbI/studio_square_thumbnail.jpg?sqp=CMvv9sEG-oaymwEICHgQeCAASFqi85f_AwYI34CjtwY&rs=AMzJL3mmG2dVQ3qGObeSvquAdqTOpkk-WQ
Timcast IRL,"May 29, 2025",24,https://www.youtube.com/playlist?list=PLErukX1W1OYjFx2pG8zjWiMuPMG0F-LbI,https://i.ytimg.com/pl_c/PLErukX1W1OYjFx2pG8zjWiMuPMG0F-LbI/studio_square_thumbnail.jpg?sqp=CMrx4cEG-oaymwEICHgQeCAASFqi85f_AwYI34CjtwY&rs=AMzJL3kedT9H8v20nIG2QdFZehdDLWqDAA
Reality Check with Ross Coulthart,"June 7, 2025",25,https://www.youtube.com/playlist?list=PL6PrA6lo8rJLRExhMvX6wKyNzy0hr_QM3,https://i.ytimg.com/pl_c/PL6PrA6lo8rJLRExhMvX6wKyNzy0hr_QM3/studio_square_thumbnail.jpg?sqp=CPrYkMIG-oaymwEICHgQeCAASFqi85f_AwYI_Mm8rwY&rs=AMzJL3nmE3Rmz1g2IrkD4sR6sNklKilc2A
60 Minutes,"June 2, 2025",25,https://www.youtube.com/playlist?list=PLI1yx5Z0Lrv7kEctMwpbBwC6mtWdaiXEH,https://i.ytimg.com/pl_c/PLI1yx5Z0Lrv7kEctMwpbBwC6mtWdaiXEH/studio_square_thumbnail.jpg?sqp=CMvv9sEG-oaymwEICHgQeCAASFqi85f_AwYIg_uFogY&rs=AMzJL3m4caRgk8N6ZBLaN0jkldLLRn9ewA
60 Minutes,"May 29, 2025",25,https://www.youtube.com/playlist?list=PLI1yx5Z0Lrv7kEctMwpbBwC6mtWdaiXEH,https://i.ytimg.com/pl_c/PLI1yx5Z0Lrv7kEctMwpbBwC6mtWdaiXEH/studio_square_thumbnail.jpg?sqp=CMrx4cEG-oaymwEICHgQeCAASFqi85f_AwYIg_uFogY&rs=AMzJL3k3RIB5ihG9s0shDlP-BJuMTj2tdA
It Is What It Is,"June 7, 2025",26,https://www.youtube.com/playlist?list=PLDYAL4cwYqXgkT1V186buzoM4_dJ02f9E,https://i.ytimg.com/pl_c/PLDYAL4cwYqXgkT1V186buzoM4_dJ02f9E/studio_square_thumbnail.jpg?sqp=CPrYkMIG-oaymwEICHgQeCAASFqi85f_AwYI-fLTrgY&rs=AMzJL3l0SfSQVwYI6tWQrxDXUvfGqPvX_Q
Reality Check with Ross Coulthart,"June 2, 2025",26,https://www.youtube.com/playlist?list=PL6PrA6lo8rJLRExhMvX6wKyNzy0hr_QM3,https://i.ytimg.com/pl_c/PL6PrA6lo8rJLRExhMvX6wKyNzy0hr_QM3/studio_square_thumbnail.jpg?sqp=CMvv9sEG-oaymwEICHgQeCAASFqi85f_AwYI_Mm8rwY&rs=AMzJL3n46pcljBc4NoWvJy-Cxl7svBSaSA
Reality Check with Ross Coulthart,"May 29, 2025",26,https://www.youtube.com/playlist?list=PL6PrA6lo8rJLRExhMvX6wKyNzy0hr_QM3,https://i.ytimg.com/pl_c/PL6PrA6lo8rJLRExhMvX6wKyNzy0hr_QM3/studio_square_thumbnail.jpg?sqp=CMrx4cEG-oaymwEICHgQeCAASFqi85f_AwYI_Mm8rwY&rs=AMzJL3mTpfgcCgLOW8hKl1e8V5DL88AlTQ
The Megyn Kelly Show,"June 7, 2025",27,https://www.youtube.com/playlist?list=PLxQKTUDVHEbSTt5cXhMZtWl5tyR7H5ofT,https://i.ytimg.com/pl_c/PLxQKTUDVHEbSTt5cXhMZtWl5tyR7H5ofT/studio_square_thumbnail.jpg?sqp=CPrYkMIG-oaymwEICHgQeCAASFqi85f_AwYIgePUsQY&rs=AMzJL3li6zn3POt6MLFAO89yP_3VTYa06Q
Unsubscribe Podcast,"June 2, 2025",27,https://www.youtube.com/playlist?list=PLxr_icJa4SxrENJtMIcdLgtUrfldWyEeE,https://i.ytimg.com/pl_c/PLxr_icJa4SxrENJtMIcdLgtUrfldWyEeE/studio_square_thumbnail.jpg?sqp=CMvv9sEG-oaymwEICHgQeCAASFqi85f_AwYI0bCxsAY&rs=AMzJL3mmopy6Deva9qrRTxepFWg-ek0SbQ
Unsubscribe Podcast,"May 29, 2025",27,https://www.youtube.com/playlist?list=PLxr_icJa4SxrENJtMIcdLgtUrfldWyEeE,https://i.ytimg.com/pl_c/PLxr_icJa4SxrENJtMIcdLgtUrfldWyEeE/studio_square_thumbnail.jpg?sqp=CMrx4cEG-oaymwEICHgQeCAASFqi85f_AwYI0bCxsAY&rs=AMzJL3ntpH1Lt3uLOJVucwW84bN_7raNOw
The Bulwark Podcast with Tim Miller,"June 7, 2025",28,https://www.youtube.com/playlist?list=PLJNKzTkCZE9vDHDa6ejyyEO1p4_e1RMt6,https://i.ytimg.com/pl_c/PLJNKzTkCZE9vDHDa6ejyyEO1p4_e1RMt6/studio_square_thumbnail.jpg?sqp=CPrYkMIG-oaymwEICHgQeCAASFqi85f_AwYI9qmmrgY&rs=AMzJL3mMRqNA127pKO-Vy8QLkb5Vh7k5ow
It Is What It Is,"June 2, 2025",28,https://www.youtube.com/playlist?list=PLDYAL4cwYqXgkT1V186buzoM4_dJ02f9E,https://i.ytimg.com/pl_c/PLDYAL4cwYqXgkT1V186buzoM4_dJ02f9E/studio_square_thumbnail.jpg?sqp=CMvv9sEG-oaymwEICHgQeCAASFqi85f_AwYI-fLTrgY&rs=AMzJL3kHnkKsFof-qsT92RS9ZZp4pBS36g
It Is What It Is,"May 29, 2025",28,https://www.youtube.com/playlist?list=PLDYAL4cwYqXgkT1V186buzoM4_dJ02f9E,https://i.ytimg.com/pl_c/PLDYAL4cwYqXgkT1V186buzoM4_dJ02f9E/studio_square_thumbnail.jpg?sqp=CMrx4cEG-oaymwEICHgQeCAASFqi85f_AwYI-fLTrgY&rs=AMzJL3nrMZJt_T8Q_TVxd4LvEyv6QESn3w
Black Conservative Perspective,"June 7, 2025",29,https://www.youtube.com/playlist?list=PL1W4osXGFi6SVVeSpOuRt8xTZ8i0I6_-A,https://i.ytimg.com/pl_c/PL1W4osXGFi6SVVeSpOuRt8xTZ8i0I6_-A/studio_square_thumbnail.jpg?sqp=CPrYkMIG-oaymwEICHgQeCAASFqi85f_AwYIx8zjwQY&rs=AMzJL3kOoZlkB__pPVjTbe7rd23kjacIaQ
Serialously with Annie Elise,"June 2, 2025",29,https://www.youtube.com/playlist?list=PLCY3SEDjbHKQ11eVdJUsHyU8DHOGc9Ro8,https://i.ytimg.com/pl_c/PLCY3SEDjbHKQ11eVdJUsHyU8DHOGc9Ro8/studio_square_thumbnail.jpg?sqp=CMvv9sEG-oaymwEICHgQeCAASFqi85f_AwYIh6LEsgY&rs=AMzJL3nkfmHmkPr3xPi9N_gNwe5OnaDCIQ
Serialously with Annie Elise,"May 29, 2025",29,https://www.youtube.com/playlist?list=PLCY3SEDjbHKQ11eVdJUsHyU8DHOGc9Ro8,https://i.ytimg.com/pl_c/PLCY3SEDjbHKQ11eVdJUsHyU8DHOGc9Ro8/studio_square_thumbnail.jpg?sqp=CMrx4cEG-oaymwEICHgQeCAASFqi85f_AwYIh6LEsgY&rs=AMzJL3mOrUno3EEfYCYQg2Oqu1uXZsAsmw
Gil's Arena,"June 7, 2025",30,https://www.youtube.com/playlist?list=PLXNdELUOZ_QE3-OyH20frNUqC93odBbdd,https://yt3.ggpht.com/3cVzUueLkd0H7rFviSVwb7IrG9rxvXN_Ggwzd9DJkDafz7g7LfxKzXN9wMFxnKfjfda96h1bdA=w80-h80-p-k-c0x00000000-no-rj-rp
Nightcap,"June 2, 2025",30,https://www.youtube.com/playlist?list=PLq9fVK72pJBIzzgr5KQkVJOo4FZrDbCxA,https://i.ytimg.com/pl_c/PLq9fVK72pJBIzzgr5KQkVJOo4FZrDbCxA/studio_square_thumbnail.jpg?sqp=CMvv9sEG-oaymwEICHgQeCAASFqi85f_AwYIh5abwQY&rs=AMzJL3mflDCdJvfvo3zOAScGbcRDt4sgoQ
Nightcap,"May 29, 2025",30,https://www.youtube.com/playlist?list=PLq9fVK72pJBIzzgr5KQkVJOo4FZrDbCxA,https://i.ytimg.com/pl_c/PLq9fVK72pJBIzzgr5KQkVJOo4FZrDbCxA/studio_square_thumbnail.jpg?sqp=CMrx4cEG-oaymwEICHgQeCAASFqi85f_AwYIh5abwQY&rs=AMzJL3mhybseEzRWubkDBQe0uUwOHufhpg
Matt and Shane's Secret Podcast,"June 7, 2025",31,https://www.youtube.com/playlist?list=PL-zWbO9RZaSNL0oLkXQPAEvxJ_JzrA00i,https://i.ytimg.com/pl_c/PL-zWbO9RZaSNL0oLkXQPAEvxJ_JzrA00i/studio_square_thumbnail.jpg?sqp=CPrYkMIG-oaymwEICHgQeCAASFqi85f_AwYIsozEwAY&rs=AMzJL3nELyEOGQLBO1Aj5G-v8SsprC3NZg
Lex Fridman Podcast,"June 2, 2025",31,https://www.youtube.com/playlist?list=PLrAXtmErZgOdP_8GztsuKi9nrraNbKKp4,https://i.ytimg.com/pl_c/PLrAXtmErZgOdP_8GztsuKi9nrraNbKKp4/studio_square_thumbnail.jpg?sqp=CMvv9sEG-oaymwEICHgQeCAASFqi85f_AwYI15SpoAY&rs=AMzJL3mC03jNuMKvu87cOHmL60hMYcdZfQ
Lex Fridman Podcast,"May 29, 2025",31,https://www.youtube.com/playlist?list=PLrAXtmErZgOdP_8GztsuKi9nrraNbKKp4,https://i.ytimg.com/pl_c/PLrAXtmErZgOdP_8GztsuKi9nrraNbKKp4/studio_square_thumbnail.jpg?sqp=CMrx4cEG-oaymwEICHgQeCAASFqi85f_AwYI15SpoAY&rs=AMzJL3m6sWQ4Oqch0QQmg5duQETjtmj_qQ
Club Shay Shay,"June 7, 2025",32,https://www.youtube.com/playlist?list=PL3HBXH4B3cMYYZwGyU3v02E9g6ICndQfm,https://i.ytimg.com/pl_c/PL3HBXH4B3cMYYZwGyU3v02E9g6ICndQfm/studio_square_thumbnail.jpg?sqp=CPrYkMIG-oaymwEICHgQeCAASFqi85f_AwYI48O_wQY&rs=AMzJL3lZVqHwIkiiAII9SYXIvRF4MZBPdw
Just Trish,"June 2, 2025",32,https://www.youtube.com/playlist?list=PL80eGCksrghJNkx0jyJ5Vssue__Kd18VW,https://i.ytimg.com/pl_c/PL80eGCksrghJNkx0jyJ5Vssue__Kd18VW/studio_square_thumbnail.jpg?sqp=CMvv9sEG-oaymwEICHgQeCAASFqi85f_AwYIxsHlpQY&rs=AMzJL3mZzOvEqcj1nuaVS015xNNmwTHHFw
Just Trish,"May 29, 2025",32,https://www.youtube.com/playlist?list=PL80eGCksrghJNkx0jyJ5Vssue__Kd18VW,https://i.ytimg.com/pl_c/PL80eGCksrghJNkx0jyJ5Vssue__Kd18VW/studio_square_thumbnail.jpg?sqp=CMrx4cEG-oaymwEICHgQeCAASFqi85f_AwYIxsHlpQY&rs=AMzJL3k0p56nJt4BcM-n3Ehibdzr_vxMsg
NBC Nightly News with Tom Llamas,"June 7, 2025",33,https://www.youtube.com/playlist?list=PL0tDb4jw6kPymVj5xNNha5PezudD5Qw9L,https://i.ytimg.com/pl_c/PL0tDb4jw6kPymVj5xNNha5PezudD5Qw9L/studio_square_thumbnail.jpg?sqp=CPrYkMIG-oaymwEICHgQeCAASFqi85f_AwYIqsP2wQY&rs=AMzJL3lK_LkN-y1F_mp3Yh3qm8Rcs946aA
The Philip DeFranco Show,"June 2, 2025",33,https://www.youtube.com/playlist?list=PLHcsGizlfLMWpSg7i0b9wnUyEZWI-25N3,https://i.ytimg.com/pl_c/PLHcsGizlfLMWpSg7i0b9wnUyEZWI-25N3/studio_square_thumbnail.jpg?sqp=CMvv9sEG-oaymwEICHgQeCAASFqi85f_AwYItb3PoAY&rs=AMzJL3kaKHTI9s_1iot4JV6BV4AOiUQZJg
The Philip DeFranco Show,"May 29, 2025",33,https://www.youtube.com/playlist?list=PLHcsGizlfLMWpSg7i0b9wnUyEZWI-25N3,https://i.ytimg.com/pl_c/PLHcsGizlfLMWpSg7i0b9wnUyEZWI-25N3/studio_square_thumbnail.jpg?sqp=CMrx4cEG-oaymwEICHgQeCAASFqi85f_AwYItb3PoAY&rs=AMzJL3nTtUO9x4185o4MkYI5SkFfDR0bsw
The Lets Read Podcast,"June 7, 2025",34,https://www.youtube.com/playlist?list=PLvC0iydiKnCiALbjTXAIFmzcCDpNXI5Mb,https://i.ytimg.com/pl_c/PLvC0iydiKnCiALbjTXAIFmzcCDpNXI5Mb/studio_square_thumbnail.jpg?sqp=CPrYkMIG-oaymwEICHgQeCAASFqi85f_AwYI6M3_ogY&rs=AMzJL3kiEVJ3tllRLzW-0YhB3JGkx4j5zQ
The Yak,"June 2, 2025",34,https://www.youtube.com/playlist?list=PLiqX0fVGs8UBpYl-0xM6opcABM_7Ojpv0,https://i.ytimg.com/pl_c/PLiqX0fVGs8UBpYl-0xM6opcABM_7Ojpv0/studio_square_thumbnail.jpg?sqp=CMvv9sEG-oaymwEICHgQeCAASFqi85f_AwYIv_udoAY&rs=AMzJL3kIwFcVmXew1CTHT11epRbImvhtdw
The Yak,"May 29, 2025",34,https://www.youtube.com/playlist?list=PLiqX0fVGs8UBpYl-0xM6opcABM_7Ojpv0,https://i.ytimg.com/pl_c/PLiqX0fVGs8UBpYl-0xM6opcABM_7Ojpv0/studio_square_thumbnail.jpg?sqp=CMrx4cEG-oaymwEICHgQeCAASFqi85f_AwYIv_udoAY&rs=AMzJL3lqKoeixLw-MA21obbjdwaDMAn9hg
Crime Stories with Nancy Grace,"June 7, 2025",35,https://www.youtube.com/playlist?list=PLf659lY8aUPoTrtcRvUjQHP0omHH9rZZs,https://i.ytimg.com/pl_c/PLf659lY8aUPoTrtcRvUjQHP0omHH9rZZs/studio_square_thumbnail.jpg?sqp=CPrYkMIG-oaymwEICHgQeCAASFqi85f_AwYIjfPergY&rs=AMzJL3mkRMzTUxbIVeKfXw6Tvj4I7ylKQQ
Breaking Points,"June 2, 2025",35,https://www.youtube.com/playlist?list=PLR1VVi2S5xz9QbsiHLPxhI6qDJ57pGg7k,https://i.ytimg.com/pl_c/PLR1VVi2S5xz9QbsiHLPxhI6qDJ57pGg7k/studio_square_thumbnail.jpg?sqp=CMvv9sEG-oaymwEICHgQeCAASFqi85f_AwYIqLySugY&rs=AMzJL3m-sZwrVI_1bRjl2p6nnXKiJB0qKg
Breaking Points,"May 29, 2025",35,https://www.youtube.com/playlist?list=PLR1VVi2S5xz9QbsiHLPxhI6qDJ57pGg7k,https://i.ytimg.com/pl_c/PLR1VVi2S5xz9QbsiHLPxhI6qDJ57pGg7k/studio_square_thumbnail.jpg?sqp=CMrx4cEG-oaymwEICHgQeCAASFqi85f_AwYIqLySugY&rs=AMzJL3mLQDhLjHPOrrOLf5BiExvr8pbRnA
The Trish Regan Show,"June 7, 2025",36,https://www.youtube.com/playlist?list=PL58Q6ZUwwy48HwZdDdz9y1Ht2RMJmoNyj,https://i.ytimg.com/pl_c/PL58Q6ZUwwy48HwZdDdz9y1Ht2RMJmoNyj/studio_square_thumbnail.jpg?sqp=CPrYkMIG-oaymwEICHgQeCAASFqi85f_AwYIsM-JwgY&rs=AMzJL3mBC1YSW0wgB4tAB7kOmKJPbTw7ZQ
NBC Nightly News with Tom Llamas,"June 2, 2025",36,https://www.youtube.com/playlist?list=PL0tDb4jw6kPymVj5xNNha5PezudD5Qw9L,https://i.ytimg.com/pl_c/PL0tDb4jw6kPymVj5xNNha5PezudD5Qw9L/studio_square_thumbnail.jpg?sqp=CMvv9sEG-oaymwEICHgQeCAASFqi85f_AwYIqsP2wQY&rs=AMzJL3nJ2q78sLJcXL-ohoEgRZJ_KQWV9Q
NBC Nightly News with Lester Holt,"May 29, 2025",36,https://www.youtube.com/playlist?list=PL0tDb4jw6kPymVj5xNNha5PezudD5Qw9L,https://i.ytimg.com/pl_c/PL0tDb4jw6kPymVj5xNNha5PezudD5Qw9L/studio_square_thumbnail.jpg?sqp=CMrx4cEG-oaymwEICHgQeCAASFqi85f_AwYI_-DvsQY&rs=AMzJL3ncNVRTpTAOZ__18aM-TDdZfFUjrA
Unashamed with the Robertson Family,"June 7, 2025",37,https://www.youtube.com/playlist?list=PLq-7FtTrZJBekP3ogyyXvl05aegDr5mHI,https://i.ytimg.com/pl_c/PLq-7FtTrZJBekP3ogyyXvl05aegDr5mHI/studio_square_thumbnail.jpg?sqp=CPrYkMIG-oaymwEICHgQeCAASFqi85f_AwYIk7XTuwY&rs=AMzJL3kxmb1E4DP-Llf_xvxu8mseMFonJQ
The Lets Read Podcast,"June 2, 2025",37,https://www.youtube.com/playlist?list=PLvC0iydiKnCiALbjTXAIFmzcCDpNXI5Mb,https://i.ytimg.com/pl_c/PLvC0iydiKnCiALbjTXAIFmzcCDpNXI5Mb/studio_square_thumbnail.jpg?sqp=CMvv9sEG-oaymwEICHgQeCAASFqi85f_AwYI6M3_ogY&rs=AMzJL3nL1dT_ySUgoJ8srz2ywQ0te2h5ng
The Lets Read Podcast,"May 29, 2025",37,https://www.youtube.com/playlist?list=PLvC0iydiKnCiALbjTXAIFmzcCDpNXI5Mb,https://i.ytimg.com/pl_c/PLvC0iydiKnCiALbjTXAIFmzcCDpNXI5Mb/studio_square_thumbnail.jpg?sqp=CMrx4cEG-oaymwEICHgQeCAASFqi85f_AwYI6M3_ogY&rs=AMzJL3kcrKJ5zNzCCVmBwSIJQ1Gh_Zrc1w
Dark History,"June 7, 2025",38,https://www.youtube.com/playlist?list=PLCprSpAj-wvAeHWGzQ-JgTyljg6GyC9D1,https://i.ytimg.com/pl_c/PLCprSpAj-wvAeHWGzQ-JgTyljg6GyC9D1/studio_square_thumbnail.jpg?sqp=CPrYkMIG-oaymwEICHgQeCAASFqi85f_AwYIn6vpwAY&rs=AMzJL3nZ38TuwuXOLPK-bvDCFykDzOqXBw
IHIP News,"June 2, 2025",38,https://www.youtube.com/playlist?list=PLa2mr0CgSHfgNL0ORZF2EA4tIFIYQOhYg,https://i.ytimg.com/pl_c/PLa2mr0CgSHfgNL0ORZF2EA4tIFIYQOhYg/studio_square_thumbnail.jpg?sqp=CMvv9sEG-oaymwEICHgQeCAASFqi85f_AwYIyMHttQY&rs=AMzJL3kfFq9xvs7ubS9ao-WGZh-l6ckMNA
IHIP News,"May 29, 2025",38,https://www.youtube.com/playlist?list=PLa2mr0CgSHfgNL0ORZF2EA4tIFIYQOhYg,https://i.ytimg.com/pl_c/PLa2mr0CgSHfgNL0ORZF2EA4tIFIYQOhYg/studio_square_thumbnail.jpg?sqp=CMrx4cEG-oaymwEICHgQeCAASFqi85f_AwYIyMHttQY&rs=AMzJL3ncExQXAwnGBfg14usDTkmeDPn0QQ
Nightcap,"June 7, 2025",39,https://www.youtube.com/playlist?list=PLq9fVK72pJBIzzgr5KQkVJOo4FZrDbCxA,https://i.ytimg.com/pl_c/PLq9fVK72pJBIzzgr5KQkVJOo4FZrDbCxA/studio_square_thumbnail.jpg?sqp=CPrYkMIG-oaymwEICHgQeCAASFqi85f_AwYIh5abwQY&rs=AMzJL3lLU8hX1CsaiztZ454GpkOBnvQOug
Distractible,"June 2, 2025",39,https://www.youtube.com/playlist?list=PL7YfWEKY1QVXBZphAEoyjJINL3PD62l1O,https://i.ytimg.com/pl_c/PL7YfWEKY1QVXBZphAEoyjJINL3PD62l1O/studio_square_thumbnail.jpg?sqp=CMvv9sEG-oaymwEICHgQeCAASFqi85f_AwYIv_z0wQY&rs=AMzJL3mhjJtAj3a8-0-feIs024FfFlJKpA
Distractible,"May 29, 2025",39,https://www.youtube.com/playlist?list=PL7YfWEKY1QVXBZphAEoyjJINL3PD62l1O,https://i.ytimg.com/pl_c/PL7YfWEKY1QVXBZphAEoyjJINL3PD62l1O/studio_square_thumbnail.jpg?sqp=CMrx4cEG-oaymwEICHgQeCAASFqi85f_AwYImJ2YuwY&rs=AMzJL3l4cWU-3j3bfybRb0m7qBazh-Rwfw
Just Trish,"June 7, 2025",40,https://www.youtube.com/playlist?list=PL80eGCksrghJNkx0jyJ5Vssue__Kd18VW,https://i.ytimg.com/pl_c/PL80eGCksrghJNkx0jyJ5Vssue__Kd18VW/studio_square_thumbnail.jpg?sqp=CPrYkMIG-oaymwEICHgQeCAASFqi85f_AwYIxsHlpQY&rs=AMzJL3kYOMtpJHR9gnbofBlQyiGer25d4g
The Bulwark Podcast with Tim Miller,"June 2, 2025",40,https://www.youtube.com/playlist?list=PLJNKzTkCZE9vDHDa6ejyyEO1p4_e1RMt6,https://i.ytimg.com/pl_c/PLJNKzTkCZE9vDHDa6ejyyEO1p4_e1RMt6/studio_square_thumbnail.jpg?sqp=CMvv9sEG-oaymwEICHgQeCAASFqi85f_AwYI9qmmrgY&rs=AMzJL3mTTgVVjCBSaciT94GrDXPNfYt1GQ
The Bulwark Podcast with Tim Miller,"May 29, 2025",40,https://www.youtube.com/playlist?list=PLJNKzTkCZE9vDHDa6ejyyEO1p4_e1RMt6,https://i.ytimg.com/pl_c/PLJNKzTkCZE9vDHDa6ejyyEO1p4_e1RMt6/studio_square_thumbnail.jpg?sqp=CMrx4cEG-oaymwEICHgQeCAASFqi85f_AwYI9qmmrgY&rs=AMzJL3n6m1FoE6EzpfvUXBbyx25GX_Jy9g
The Yak,"June 7, 2025",41,https://www.youtube.com/playlist?list=PLiqX0fVGs8UBpYl-0xM6opcABM_7Ojpv0,https://i.ytimg.com/pl_c/PLiqX0fVGs8UBpYl-0xM6opcABM_7Ojpv0/studio_square_thumbnail.jpg?sqp=CPrYkMIG-oaymwEICHgQeCAASFqi85f_AwYIv_udoAY&rs=AMzJL3mIo61cTxiKqTlDnu47lHtMLRi8Dg
Bad Friends Podcast,"June 2, 2025",41,https://www.youtube.com/playlist?list=PLa7q8UDa6tvGRXE3-pdbiDQ-5_jRpqOkf,https://i.ytimg.com/pl_c/PLa7q8UDa6tvGRXE3-pdbiDQ-5_jRpqOkf/studio_square_thumbnail.jpg?sqp=CMvv9sEG-oaymwEICHgQeCAASFqi85f_AwYI5sKmwAY&rs=AMzJL3n-qmJtRXGBPtAZQdE2rSwQ33mlDw
Bad Friends Podcast,"May 29, 2025",41,https://www.youtube.com/playlist?list=PLa7q8UDa6tvGRXE3-pdbiDQ-5_jRpqOkf,https://i.ytimg.com/pl_c/PLa7q8UDa6tvGRXE3-pdbiDQ-5_jRpqOkf/studio_square_thumbnail.jpg?sqp=CMrx4cEG-oaymwEICHgQeCAASFqi85f_AwYI5sKmwAY&rs=AMzJL3n81hTSGSiMUh9Tn-4vFHC9LSJwaw
Flagrant,"June 7, 2025",42,https://www.youtube.com/playlist?list=PL1JULMhsLAypfSsBputK5dah9WKASIo-v,https://yt3.ggpht.com/wMqCGR8MTIZATZ84oyLQgUix8tDEUmzMd_6rn-oh0WAoP8Z_UQ26DlRmkFGlANnAg1zWhm79=w80-h80-p-k-c0x00000000-no-rj-rp
Bulwark Takes,"June 2, 2025",42,https://www.youtube.com/playlist?list=PLJNKzTkCZE9uaKfaz27yuWgFe1XnP19WL,https://i.ytimg.com/pl_c/PLJNKzTkCZE9uaKfaz27yuWgFe1XnP19WL/studio_square_thumbnail.jpg?sqp=CMvv9sEG-oaymwEICHgQeCAASFqi85f_AwYI5rCLvQY&rs=AMzJL3m1JyV4QhxcA-ItePe3BnZCM__YIA
Bulwark Takes,"May 29, 2025",42,https://www.youtube.com/playlist?list=PLJNKzTkCZE9uaKfaz27yuWgFe1XnP19WL,https://i.ytimg.com/pl_c/PLJNKzTkCZE9uaKfaz27yuWgFe1XnP19WL/studio_square_thumbnail.jpg?sqp=CMrx4cEG-oaymwEICHgQeCAASFqi85f_AwYI5rCLvQY&rs=AMzJL3kz0v_clYbGdqpsCTOYyY8He1xrig
StarTalk Podcast,"June 7, 2025",43,https://www.youtube.com/playlist?list=PLnaXrumrax3X8_6L1yL3cejSMH9oTpxiI,https://i.ytimg.com/pl_c/PLnaXrumrax3X8_6L1yL3cejSMH9oTpxiI/studio_square_thumbnail.jpg?sqp=CPrYkMIG-oaymwEICHgQeCAASFqi85f_AwYIr-yywQY&rs=AMzJL3kyO9nOcE9TfaWTvIAWhZTXqNau_w
Breaking News,"June 2, 2025",43,https://www.youtube.com/playlist?list=PLOMpnzRkbFsjufucVW41NxbSX9Ob7aiLn,https://i.ytimg.com/pl_c/PLOMpnzRkbFsjufucVW41NxbSX9Ob7aiLn/studio_square_thumbnail.jpg?sqp=CMvv9sEG-oaymwEICHgQeCAASFqi85f_AwYIzqzxvwY&rs=AMzJL3nIM1QBSwe1ctAYFVVw2e0oSCN2Pg
Breaking News,"May 29, 2025",43,https://www.youtube.com/playlist?list=PLOMpnzRkbFsjufucVW41NxbSX9Ob7aiLn,https://i.ytimg.com/pl_c/PLOMpnzRkbFsjufucVW41NxbSX9Ob7aiLn/studio_square_thumbnail.jpg?sqp=CMrx4cEG-oaymwEICHgQeCAASFqi85f_AwYIzqzxvwY&rs=AMzJL3mG97klBWlglIWqpsMDc_yt6f3_KA
Authorized Account,"June 7, 2025",44,https://www.youtube.com/playlist?list=PLKfWL8IXgKBuEPTd0atYicHwAX_FK5PEG,https://i.ytimg.com/pl_c/PLKfWL8IXgKBuEPTd0atYicHwAX_FK5PEG/studio_square_thumbnail.jpg?sqp=CPrYkMIG-oaymwEICHgQeCAASFqi85f_AwYI1OS1uAY&rs=AMzJL3nk3D7Bzff0Koj6oHv9I907nHDKDA
The 85 South Comedy Show,"June 2, 2025",44,https://www.youtube.com/playlist?list=PLz5mEIDY99O7JFj4USVEkL2FCY-k94Ch6,https://yt3.ggpht.com/ytc/AIdro_knP2EYYw_aKiyB6U5FqupqYaRAZpd_DArfGgLcDqkIFOc=w80-h80-p-k-c0x00000000-no-rj-rp
The 85 South Comedy Show,"May 29, 2025",44,https://www.youtube.com/playlist?list=PLz5mEIDY99O7JFj4USVEkL2FCY-k94Ch6,https://yt3.ggpht.com/ytc/AIdro_knP2EYYw_aKiyB6U5FqupqYaRAZpd_DArfGgLcDqkIFOc=w80-h80-p-k-c0x00000000-no-rj-rp
Distractible,"June 7, 2025",45,https://www.youtube.com/playlist?list=PL7YfWEKY1QVXBZphAEoyjJINL3PD62l1O,https://i.ytimg.com/pl_c/PL7YfWEKY1QVXBZphAEoyjJINL3PD62l1O/studio_square_thumbnail.jpg?sqp=CPrYkMIG-oaymwEICHgQeCAASFqi85f_AwYIv_z0wQY&rs=AMzJL3lCJe2Uva8sAc2zFyXIMqYxxC_4tw
Trap Lore Ross,"June 2, 2025",45,https://www.youtube.com/playlist?list=PLq9WlR1xb87xM9cIalceaZvk54CIpwsWh,https://i.ytimg.com/pl_c/PLq9WlR1xb87xM9cIalceaZvk54CIpwsWh/studio_square_thumbnail.jpg?sqp=CMvv9sEG-oaymwEICHgQeCAASFqi85f_AwYIjaSpwQY&rs=AMzJL3kxCM2oUckJU950ogvFAUbhddKuLg
Trap Lore Ross,"May 29, 2025",45,https://www.youtube.com/playlist?list=PLq9WlR1xb87xM9cIalceaZvk54CIpwsWh,https://i.ytimg.com/pl_c/PLq9WlR1xb87xM9cIalceaZvk54CIpwsWh/studio_square_thumbnail.jpg?sqp=CMrx4cEG-oaymwEICHgQeCAASFqi85f_AwYIjaSpwQY&rs=AMzJL3m7hlSTboAsXhx3l-czyCaRQNlibg
Duck Call Room,"June 7, 2025",46,https://www.youtube.com/playlist?list=PLaoamiZmEcyxZpMsbxoQ7RyCyG66SBk5c,https://i.ytimg.com/pl_c/PLaoamiZmEcyxZpMsbxoQ7RyCyG66SBk5c/studio_square_thumbnail.jpg?sqp=CPrYkMIG-oaymwEICHgQeCAASFqi85f_AwYI54jioAY&rs=AMzJL3m9tpEkbtpxMotd2HiXY2jdRVRE9A
#RolandMartinUnfiltered,"June 2, 2025",46,https://www.youtube.com/playlist?list=PLVVhpySbZvKbM5nzaUCAIc4qT4Q-_TlB4,https://i.ytimg.com/pl_c/PLVVhpySbZvKbM5nzaUCAIc4qT4Q-_TlB4/studio_square_thumbnail.jpg?sqp=CMvv9sEG-oaymwEICHgQeCAASFqi85f_AwYIzajTwAY&rs=AMzJL3kLQ3f3hreMm6TtG1wDkimr4ZXmVQ
#RolandMartinUnfiltered,"May 29, 2025",46,https://www.youtube.com/playlist?list=PLVVhpySbZvKbM5nzaUCAIc4qT4Q-_TlB4,https://i.ytimg.com/pl_c/PLVVhpySbZvKbM5nzaUCAIc4qT4Q-_TlB4/studio_square_thumbnail.jpg?sqp=CMrx4cEG-oaymwEICHgQeCAASFqi85f_AwYIzajTwAY&rs=AMzJL3lz9eAvqnDOWt4hRVhvoPu7_B-JOw
MrBallen Crime,"June 7, 2025",47,https://www.youtube.com/playlist?list=PLgRgJrlop--PlKEihwNO55pE9QQlT_6Mz,https://i.ytimg.com/pl_c/PLgRgJrlop--PlKEihwNO55pE9QQlT_6Mz/studio_square_thumbnail.jpg?sqp=CPrYkMIG-oaymwEICHgQeCAASFqi85f_AwYIgKWzwQY&rs=AMzJL3mDEehpiYw5xtF-ZkwPceVg7xvi3Q
Law&Crime On the Case with Chris Stewart,"June 2, 2025",47,https://www.youtube.com/playlist?list=PLoW1SIeAWaWZYnw0G5vqkm7iZ-sQ_MSK8,https://i.ytimg.com/pl_c/PLoW1SIeAWaWZYnw0G5vqkm7iZ-sQ_MSK8/studio_square_thumbnail.jpg?sqp=CMvv9sEG-oaymwEICHgQeCAASFqi85f_AwYIpI_5vQY&rs=AMzJL3kjrzU37nYiN-hmit8OQjxT97tM-g
Law&Crime On the Case with Chris Stewart,"May 29, 2025",47,https://www.youtube.com/playlist?list=PLoW1SIeAWaWZYnw0G5vqkm7iZ-sQ_MSK8,https://i.ytimg.com/pl_c/PLoW1SIeAWaWZYnw0G5vqkm7iZ-sQ_MSK8/studio_square_thumbnail.jpg?sqp=CMrx4cEG-oaymwEICHgQeCAASFqi85f_AwYIpI_5vQY&rs=AMzJL3mMpc4Mdl3VEZOHKe3gd4lNXYs8rA
Smosh Mouth,"June 7, 2025",48,https://www.youtube.com/playlist?list=PL0O7kU8_T9trtELnfIlbkRRjsDEhOfL7J,https://i.ytimg.com/pl_c/PL0O7kU8_T9trtELnfIlbkRRjsDEhOfL7J/studio_square_thumbnail.jpg?sqp=CPrYkMIG-oaymwEICHgQeCAASFqi85f_AwYIxvDzpgY&rs=AMzJL3mQNXeuiC9VNwn7BtQVu8xU0L3p0g
StarTalk Podcast,"June 2, 2025",48,https://www.youtube.com/playlist?list=PLnaXrumrax3X8_6L1yL3cejSMH9oTpxiI,https://i.ytimg.com/pl_c/PLnaXrumrax3X8_6L1yL3cejSMH9oTpxiI/studio_square_thumbnail.jpg?sqp=CMvv9sEG-oaymwEICHgQeCAASFqi85f_AwYIr-yywQY&rs=AMzJL3mGQrmQu83B-5yNHQ-yxmS5-ESbfw
StarTalk Podcast,"May 29, 2025",48,https://www.youtube.com/playlist?list=PLnaXrumrax3X8_6L1yL3cejSMH9oTpxiI,https://i.ytimg.com/pl_c/PLnaXrumrax3X8_6L1yL3cejSMH9oTpxiI/studio_square_thumbnail.jpg?sqp=CMrx4cEG-oaymwEICHgQeCAASFqi85f_AwYIr-yywQY&rs=AMzJL3kdxaiL5FdWPE_2Qltc8NlwhOQAeg
Bulwark Takes,"June 7, 2025",49,https://www.youtube.com/playlist?list=PLJNKzTkCZE9uaKfaz27yuWgFe1XnP19WL,https://i.ytimg.com/pl_c/PLJNKzTkCZE9uaKfaz27yuWgFe1XnP19WL/studio_square_thumbnail.jpg?sqp=CPrYkMIG-oaymwEICHgQeCAASFqi85f_AwYI5rCLvQY&rs=AMzJL3kH1mxuIfj5uokASYYbYSmMwVHfvA
rSlash,"June 2, 2025",49,https://www.youtube.com/playlist?list=PLQWFBACAObMj6W6NyJvSBp_kj2HI33iXN,https://yt3.ggpht.com/ytc/AIdro_lklQeWL_u3QzF0R2t-gJv_dDlzzfeeYm3jg6j2cgYrFzI=w80-h80-p-k-c0x00000000-no-rj-rp
rSlash,"May 29, 2025",49,https://www.youtube.com/playlist?list=PLQWFBACAObMj6W6NyJvSBp_kj2HI33iXN,https://yt3.ggpht.com/ytc/AIdro_lklQeWL_u3QzF0R2t-gJv_dDlzzfeeYm3jg6j2cgYrFzI=w80-h80-p-k-c0x00000000-no-rj-rp
The 85 South Comedy Show,"June 7, 2025",50,https://www.youtube.com/playlist?list=PLz5mEIDY99O7JFj4USVEkL2FCY-k94Ch6,https://yt3.ggpht.com/ytc/AIdro_knP2EYYw_aKiyB6U5FqupqYaRAZpd_DArfGgLcDqkIFOc=w80-h80-p-k-c0x00000000-no-rj-rp
Javier Ceriani Show,"June 2, 2025",50,https://www.youtube.com/playlist?list=PL-vP3NxTH3HsDQRlbsQnU5jwlWa3WzkF7,https://i.ytimg.com/pl_c/PL-vP3NxTH3HsDQRlbsQnU5jwlWa3WzkF7/studio_square_thumbnail.jpg?sqp=CMvv9sEG-oaymwEICHgQeCAASFqi85f_AwYIp_P8ugY&rs=AMzJL3kupHM2vtTpl3O751TrL59CRGRlPA
Javier Ceriani Show,"May 29, 2025",50,https://www.youtube.com/playlist?list=PL-vP3NxTH3HsDQRlbsQnU5jwlWa3WzkF7,https://i.ytimg.com/pl_c/PL-vP3NxTH3HsDQRlbsQnU5jwlWa3WzkF7/studio_square_thumbnail.jpg?sqp=CMrx4cEG-oaymwEICHgQeCAASFqi85f_AwYIp_P8ugY&rs=AMzJL3m11h7qmDZ3reU-7z1vjMKncAC29Q
#RolandMartinUnfiltered,"June 7, 2025",51,https://www.youtube.com/playlist?list=PLVVhpySbZvKbM5nzaUCAIc4qT4Q-_TlB4,https://i.ytimg.com/pl_c/PLVVhpySbZvKbM5nzaUCAIc4qT4Q-_TlB4/studio_square_thumbnail.jpg?sqp=CPrYkMIG-oaymwEICHgQeCAASFqi85f_AwYIzajTwAY&rs=AMzJL3lXBIhcfktKkh0vjkG7-K9ZiR2Qpg
The Danza Project,"June 2, 2025",51,https://www.youtube.com/playlist?list=PLpLXgiudG2GaLv87HG2HPp1PZRVbKM57v,https://i.ytimg.com/pl_c/PLpLXgiudG2GaLv87HG2HPp1PZRVbKM57v/studio_square_thumbnail.jpg?sqp=CMvv9sEG-oaymwEICHgQeCAASFqi85f_AwYIvOGGoQY&rs=AMzJL3mAlEmYTb6ikO7AXHoWHl--V-rQcQ
The Danza Project,"May 29, 2025",51,https://www.youtube.com/playlist?list=PLpLXgiudG2GaLv87HG2HPp1PZRVbKM57v,https://i.ytimg.com/pl_c/PLpLXgiudG2GaLv87HG2HPp1PZRVbKM57v/studio_square_thumbnail.jpg?sqp=CMrx4cEG-oaymwEICHgQeCAASFqi85f_AwYIvOGGoQY&rs=AMzJL3niUzEOBWq9Fj5qaIySSTKoswWGxg
Julian Dorey Podcast,"June 7, 2025",52,https://www.youtube.com/playlist?list=PL-ICwfCgQ-Z0BXxr5ioS0KdARqfPyiRmJ,https://i.ytimg.com/pl_c/PL-ICwfCgQ-Z0BXxr5ioS0KdARqfPyiRmJ/studio_square_thumbnail.jpg?sqp=CPrYkMIG-oaymwEICHgQeCAASFqi85f_AwYIiYbPsgY&rs=AMzJL3kPXrjdvjiZvWHLw3mtgWX5H6EuuA
The Trish Regan Show,"June 2, 2025",52,https://www.youtube.com/playlist?list=PL58Q6ZUwwy48HwZdDdz9y1Ht2RMJmoNyj,https://i.ytimg.com/pl_c/PL58Q6ZUwwy48HwZdDdz9y1Ht2RMJmoNyj/studio_square_thumbnail.jpg?sqp=CMvv9sEG-oaymwEICHgQeCAASFqi85f_AwYI0JHuwQY&rs=AMzJL3micHDR1iKgdA3z56ih4i466myJ-w
The Trish Regan Show,"May 29, 2025",52,https://www.youtube.com/playlist?list=PL58Q6ZUwwy48HwZdDdz9y1Ht2RMJmoNyj,https://i.ytimg.com/pl_c/PL58Q6ZUwwy48HwZdDdz9y1Ht2RMJmoNyj/studio_square_thumbnail.jpg?sqp=CMrx4cEG-oaymwEICHgQeCAASFqi85f_AwYIkNbBvwY&rs=AMzJL3lozL0_bz8Gfh9lYE8y6Rc14eEBww
The Philip DeFranco Show,"June 7, 2025",53,https://www.youtube.com/playlist?list=PLHcsGizlfLMWpSg7i0b9wnUyEZWI-25N3,https://i.ytimg.com/pl_c/PLHcsGizlfLMWpSg7i0b9wnUyEZWI-25N3/studio_square_thumbnail.jpg?sqp=CPrYkMIG-oaymwEICHgQeCAASFqi85f_AwYItb3PoAY&rs=AMzJL3kxh6gsi87aXLUppsMZbRFS0rRFvQ
Law&Crime Crime Fix with Angenette Levy,"June 2, 2025",53,https://www.youtube.com/playlist?list=PLoW1SIeAWaWaucjKyz7lAmqMxO86PVzZi,https://i.ytimg.com/pl_c/PLoW1SIeAWaWaucjKyz7lAmqMxO86PVzZi/studio_square_thumbnail.jpg?sqp=CMvv9sEG-oaymwEICHgQeCAASFqi85f_AwYIoKWYvgY&rs=AMzJL3n20avrqa-FV8aRyqm87nej_kPLZQ
Law&Crime Crime Fix with Angenette Levy,"May 29, 2025",53,https://www.youtube.com/playlist?list=PLoW1SIeAWaWaucjKyz7lAmqMxO86PVzZi,https://i.ytimg.com/pl_c/PLoW1SIeAWaWaucjKyz7lAmqMxO86PVzZi/studio_square_thumbnail.jpg?sqp=CMrx4cEG-oaymwEICHgQeCAASFqi85f_AwYIoKWYvgY&rs=AMzJL3kmi42TKboKue5bfkTmq2CTPG44zA
Javier Ceriani Show,"June 7, 2025",54,https://www.youtube.com/playlist?list=PL-vP3NxTH3HsDQRlbsQnU5jwlWa3WzkF7,https://i.ytimg.com/pl_c/PL-vP3NxTH3HsDQRlbsQnU5jwlWa3WzkF7/studio_square_thumbnail.jpg?sqp=CPrYkMIG-oaymwEICHgQeCAASFqi85f_AwYIp_P8ugY&rs=AMzJL3ki4nQuYjIqR45kpoZRU6k1TpXEng
The Joe Budden Podcast,"June 2, 2025",54,https://www.youtube.com/playlist?list=PLhKmHfWT5YmIlx6cUNKD_llMUmZCila_E,https://i.ytimg.com/pl_c/PLhKmHfWT5YmIlx6cUNKD_llMUmZCila_E/studio_square_thumbnail.jpg?sqp=CMvv9sEG-oaymwEICHgQeCAASFqi85f_AwYIpOrJwAY&rs=AMzJL3n3kslbKNyWoiVgEh2QeUIuv1EKoQ
The Joe Budden Podcast,"May 29, 2025",54,https://www.youtube.com/playlist?list=PLhKmHfWT5YmIlx6cUNKD_llMUmZCila_E,https://i.ytimg.com/pl_c/PLhKmHfWT5YmIlx6cUNKD_llMUmZCila_E/studio_square_thumbnail.jpg?sqp=CMrx4cEG-oaymwEICHgQeCAASFqi85f_AwYIpOrJwAY&rs=AMzJL3nMixC9bJJwiXL-rS-xipI3Olc41A
Trap Lore Ross,"June 7, 2025",55,https://www.youtube.com/playlist?list=PLq9WlR1xb87xM9cIalceaZvk54CIpwsWh,https://i.ytimg.com/pl_c/PLq9WlR1xb87xM9cIalceaZvk54CIpwsWh/studio_square_thumbnail.jpg?sqp=CPrYkMIG-oaymwEICHgQeCAASFqi85f_AwYIjaSpwQY&rs=AMzJL3kPUU0ccMkXpHu5JZag9XZHeMIkJg
The Ben Shapiro Show,"June 2, 2025",55,https://www.youtube.com/playlist?list=PLX_rhFRRlAG58_4z9KWPUYrnTM6QZDJrT,https://i.ytimg.com/pl_c/PLX_rhFRRlAG58_4z9KWPUYrnTM6QZDJrT/studio_square_thumbnail.jpg?sqp=CMvv9sEG-oaymwEICHgQeCAASFqi85f_AwYIttGypwY&rs=AMzJL3kppizb2KvyVEhW_3ymdRCkprMLrg
The Ben Shapiro Show,"May 29, 2025",55,https://www.youtube.com/playlist?list=PLX_rhFRRlAG58_4z9KWPUYrnTM6QZDJrT,https://i.ytimg.com/pl_c/PLX_rhFRRlAG58_4z9KWPUYrnTM6QZDJrT/studio_square_thumbnail.jpg?sqp=CMrx4cEG-oaymwEICHgQeCAASFqi85f_AwYIttGypwY&rs=AMzJL3m9aa3uZur6XBO5dXRBr05lpvIITQ
Legal AF Podcast,"June 7, 2025",56,https://www.youtube.com/playlist?list=PL36GQAccexbzeCLQusnecQAquydGw8kBC,https://i.ytimg.com/pl_c/PL36GQAccexbzeCLQusnecQAquydGw8kBC/studio_square_thumbnail.jpg?sqp=CPrYkMIG-oaymwEICHgQeCAASFqi85f_AwYIpvHTqwY&rs=AMzJL3nAZC-Ov1_XZKOf3VA8VqMiI4yLOg
Dark History,"June 2, 2025",56,https://www.youtube.com/playlist?list=PLCprSpAj-wvAeHWGzQ-JgTyljg6GyC9D1,https://i.ytimg.com/pl_c/PLCprSpAj-wvAeHWGzQ-JgTyljg6GyC9D1/studio_square_thumbnail.jpg?sqp=CMvv9sEG-oaymwEICHgQeCAASFqi85f_AwYIn6vpwAY&rs=AMzJL3ndWeHDC71M87Np8UvQIXoaL3A_Pw
Dark History,"May 29, 2025",56,https://www.youtube.com/playlist?list=PLCprSpAj-wvAeHWGzQ-JgTyljg6GyC9D1,https://i.ytimg.com/pl_c/PLCprSpAj-wvAeHWGzQ-JgTyljg6GyC9D1/studio_square_thumbnail.jpg?sqp=CMrx4cEG-oaymwEICHgQeCAASFqi85f_AwYIn6vpwAY&rs=AMzJL3kA8Z_u-5AiKz-IEZwde_JoMG5yiA
You Should Know Podcast,"June 7, 2025",57,https://www.youtube.com/playlist?list=PLQ0daRB_QJ_ZkIhLnp_nPeURDM4vQM5yg,https://yt3.ggpht.com/EOU6DdM19Vd4eKhIb98Wb_DOo4WHxLDBscUoQJjdY6WIefK9tyqd_i-KNNdnWYaQomzR1U2PpLQ=w80-h80-p-k-c0x00000000-no-rj-rp
Cancelled with Tana Mongeau & Brooke Schofield,"June 2, 2025",57,https://www.youtube.com/playlist?list=PLpZFQCvquZYYeTRvZSEiSRWsg-X5UF22r,https://i.ytimg.com/pl_c/PLpZFQCvquZYYeTRvZSEiSRWsg-X5UF22r/studio_square_thumbnail.jpg?sqp=CMvv9sEG-oaymwEICHgQeCAASFqi85f_AwYI06rhoQY&rs=AMzJL3mLbehlTjrmjcc_dytN9wX5oD4c9w
Cancelled with Tana Mongeau & Brooke Schofield,"May 29, 2025",57,https://www.youtube.com/playlist?list=PLpZFQCvquZYYeTRvZSEiSRWsg-X5UF22r,https://i.ytimg.com/pl_c/PLpZFQCvquZYYeTRvZSEiSRWsg-X5UF22r/studio_square_thumbnail.jpg?sqp=CMrx4cEG-oaymwEICHgQeCAASFqi85f_AwYI06rhoQY&rs=AMzJL3npd3T7sZ00JSUG4rxYDZ6eLguMxA
The Joe Budden Podcast,"June 7, 2025",58,https://www.youtube.com/playlist?list=PLhKmHfWT5YmIlx6cUNKD_llMUmZCila_E,https://i.ytimg.com/pl_c/PLhKmHfWT5YmIlx6cUNKD_llMUmZCila_E/studio_square_thumbnail.jpg?sqp=CPrYkMIG-oaymwEICHgQeCAASFqi85f_AwYIpOrJwAY&rs=AMzJL3kl6rDgkEE6nGH-JrbXq3Aoo2vinA
The Weekly Show with Jon Stewart,"June 2, 2025",58,https://www.youtube.com/playlist?list=PLIti_J5fVo4IiJWQluYFpz-DbWOF0mK3o,https://i.ytimg.com/pl_c/PLIti_J5fVo4IiJWQluYFpz-DbWOF0mK3o/studio_square_thumbnail.jpg?sqp=CMvv9sEG-oaymwEICHgQeCAASFqi85f_AwYImrSIswY&rs=AMzJL3l4LFuM2CZ3XawFJexaTXIvOWfL5Q
The Weekly Show with Jon Stewart,"May 29, 2025",58,https://www.youtube.com/playlist?list=PLIti_J5fVo4IiJWQluYFpz-DbWOF0mK3o,https://i.ytimg.com/pl_c/PLIti_J5fVo4IiJWQluYFpz-DbWOF0mK3o/studio_square_thumbnail.jpg?sqp=CMrx4cEG-oaymwEICHgQeCAASFqi85f_AwYImrSIswY&rs=AMzJL3kyZqG0KxcxiUfdpVK2WmYxYdqDrw
rSlash,"June 7, 2025",59,https://www.youtube.com/playlist?list=PLQWFBACAObMj6W6NyJvSBp_kj2HI33iXN,https://yt3.ggpht.com/ytc/AIdro_lklQeWL_u3QzF0R2t-gJv_dDlzzfeeYm3jg6j2cgYrFzI=w80-h80-p-k-c0x00000000-no-rj-rp
You Should Know Podcast,"June 2, 2025",59,https://www.youtube.com/playlist?list=PLQ0daRB_QJ_ZkIhLnp_nPeURDM4vQM5yg,https://yt3.ggpht.com/EOU6DdM19Vd4eKhIb98Wb_DOo4WHxLDBscUoQJjdY6WIefK9tyqd_i-KNNdnWYaQomzR1U2PpLQ=w80-h80-p-k-c0x00000000-no-rj-rp
You Should Know Podcast,"May 29, 2025",59,https://www.youtube.com/playlist?list=PLQ0daRB_QJ_ZkIhLnp_nPeURDM4vQM5yg,https://yt3.ggpht.com/EOU6DdM19Vd4eKhIb98Wb_DOo4WHxLDBscUoQJjdY6WIefK9tyqd_i-KNNdnWYaQomzR1U2PpLQ=w80-h80-p-k-c0x00000000-no-rj-rp
Serialously with Annie Elise,"June 7, 2025",60,https://www.youtube.com/playlist?list=PLCY3SEDjbHKQ11eVdJUsHyU8DHOGc9Ro8,https://i.ytimg.com/pl_c/PLCY3SEDjbHKQ11eVdJUsHyU8DHOGc9Ro8/studio_square_thumbnail.jpg?sqp=CPrYkMIG-oaymwEICHgQeCAASFqi85f_AwYIh6LEsgY&rs=AMzJL3mSZUcatPjx2ZIIashFgqx9zO5EcQ
Power Hour,"June 2, 2025",60,https://www.youtube.com/playlist?list=PL2OFHLSeLxlaNYxInFOfVq56JAhVRKGK4,https://i.ytimg.com/pl_c/PL2OFHLSeLxlaNYxInFOfVq56JAhVRKGK4/studio_square_thumbnail.jpg?sqp=CMvv9sEG-oaymwEICHgQeCAASFqi85f_AwYIs_GUrwY&rs=AMzJL3mqZZimhRaOufg2fERk0KPyRUiumA
Power Hour,"May 29, 2025",60,https://www.youtube.com/playlist?list=PL2OFHLSeLxlaNYxInFOfVq56JAhVRKGK4,https://i.ytimg.com/pl_c/PL2OFHLSeLxlaNYxInFOfVq56JAhVRKGK4/studio_square_thumbnail.jpg?sqp=CMrx4cEG-oaymwEICHgQeCAASFqi85f_AwYIs_GUrwY&rs=AMzJL3nWnX9OYs3QhIpqIeTSANdbMT8CJg
Shane Dawson Podcast,"June 7, 2025",61,https://www.youtube.com/playlist?list=PLUquvWuWlOaO3a04sl86i63y6LQqn1UIx,https://yt3.ggpht.com/61bwXQvVdRoNo09yNMuMgUq30UxUgiX6-bB4Y4mMo9A4GkbbV-uBGHpsBHSGp3JXT1_9MtIL-eU=w80-h80-p-k-c0x00000000-no-rj-rp
Matt and Shane's Secret Podcast,"June 2, 2025",61,https://www.youtube.com/playlist?list=PL-zWbO9RZaSNL0oLkXQPAEvxJ_JzrA00i,https://i.ytimg.com/pl_c/PL-zWbO9RZaSNL0oLkXQPAEvxJ_JzrA00i/studio_square_thumbnail.jpg?sqp=CMvv9sEG-oaymwEICHgQeCAASFqi85f_AwYIsozEwAY&rs=AMzJL3mNZW1izAB_LDYmPYEutINkuL0FIw
Matt and Shane's Secret Podcast,"May 29, 2025",61,https://www.youtube.com/playlist?list=PL-zWbO9RZaSNL0oLkXQPAEvxJ_JzrA00i,https://i.ytimg.com/pl_c/PL-zWbO9RZaSNL0oLkXQPAEvxJ_JzrA00i/studio_square_thumbnail.jpg?sqp=CMrx4cEG-oaymwEICHgQeCAASFqi85f_AwYIsozEwAY&rs=AMzJL3lPo4wsl7Gr7_ogSjNno2KT8B0T4g
Reel Rejects,"June 7, 2025",62,https://www.youtube.com/playlist?list=PL-bIhJVeYWw9Jo8VqD_DhVgqCasXX38PR,https://i.ytimg.com/pl_c/PL-bIhJVeYWw9Jo8VqD_DhVgqCasXX38PR/studio_square_thumbnail.jpg?sqp=CPrYkMIG-oaymwEICHgQeCAASFqi85f_AwYI5YbgoAY&rs=AMzJL3mnmoB1LTRQrvFOPVqugb53XoKNIQ
Pardon My Take,"June 2, 2025",62,https://www.youtube.com/playlist?list=PLUkIP2rveaukcE2YYoX1XH2lZeOdmESyh,https://i.ytimg.com/pl_c/PLUkIP2rveaukcE2YYoX1XH2lZeOdmESyh/studio_square_thumbnail.jpg?sqp=CMvv9sEG-oaymwEICHgQeCAASFqi85f_AwYInZLvogY&rs=AMzJL3nReRcdF7xdpZMPZZ-4Y-kWugJxSw
Pardon My Take,"May 29, 2025",62,https://www.youtube.com/playlist?list=PLUkIP2rveaukcE2YYoX1XH2lZeOdmESyh,https://i.ytimg.com/pl_c/PLUkIP2rveaukcE2YYoX1XH2lZeOdmESyh/studio_square_thumbnail.jpg?sqp=CMrx4cEG-oaymwEICHgQeCAASFqi85f_AwYInZLvogY&rs=AMzJL3lNlkF8D9kMfQpFh7qo0AzZI_-TeA
Timcast IRL,"June 7, 2025",63,https://www.youtube.com/playlist?list=PLErukX1W1OYjFx2pG8zjWiMuPMG0F-LbI,https://i.ytimg.com/pl_c/PLErukX1W1OYjFx2pG8zjWiMuPMG0F-LbI/studio_square_thumbnail.jpg?sqp=CPrYkMIG-oaymwEICHgQeCAASFqi85f_AwYI34CjtwY&rs=AMzJL3m3DgG3FbbRnIvNE8vv0RDE4LtE4Q
Barry Cunningham Podcasts And Live Shows,"June 2, 2025",63,https://www.youtube.com/playlist?list=PLeMKPcB8nmmqMaDqq35xnBClV01VEkhfH,https://i.ytimg.com/pl_c/PLeMKPcB8nmmqMaDqq35xnBClV01VEkhfH/studio_square_thumbnail.jpg?sqp=CMvv9sEG-oaymwEICHgQeCAASFqi85f_AwYIzMi4sQY&rs=AMzJL3l7ylDqnpS8fmXFoKHiYrSwyMgQ1w
Barry Cunningham Podcasts And Live Shows,"May 29, 2025",63,https://www.youtube.com/playlist?list=PLeMKPcB8nmmqMaDqq35xnBClV01VEkhfH,https://i.ytimg.com/pl_c/PLeMKPcB8nmmqMaDqq35xnBClV01VEkhfH/studio_square_thumbnail.jpg?sqp=CMrx4cEG-oaymwEICHgQeCAASFqi85f_AwYIzMi4sQY&rs=AMzJL3mQuflP0_2vep3JKsW020NTgCQijA
Timcast News Stories,"June 7, 2025",64,https://www.youtube.com/playlist?list=PLNXlIeYUj-MEd3bRQpdj3XJGhGcdnR9b4,https://i.ytimg.com/pl_c/PLNXlIeYUj-MEd3bRQpdj3XJGhGcdnR9b4/studio_square_thumbnail.jpg?sqp=CPrYkMIG-oaymwEICHgQeCAASFqi85f_AwYIp_eXuAY&rs=AMzJL3njqacgGM018MESEd2VU8ujwMvetA
Smosh Mouth,"June 2, 2025",64,https://www.youtube.com/playlist?list=PL0O7kU8_T9trtELnfIlbkRRjsDEhOfL7J,https://i.ytimg.com/pl_c/PL0O7kU8_T9trtELnfIlbkRRjsDEhOfL7J/studio_square_thumbnail.jpg?sqp=CMvv9sEG-oaymwEICHgQeCAASFqi85f_AwYIxvDzpgY&rs=AMzJL3lbrpgPttvh-9QoWrtwSd1ID7lOdw
Smosh Mouth,"May 29, 2025",64,https://www.youtube.com/playlist?list=PL0O7kU8_T9trtELnfIlbkRRjsDEhOfL7J,https://i.ytimg.com/pl_c/PL0O7kU8_T9trtELnfIlbkRRjsDEhOfL7J/studio_square_thumbnail.jpg?sqp=CMrx4cEG-oaymwEICHgQeCAASFqi85f_AwYIxvDzpgY&rs=AMzJL3mX8Itb8BVJGars5dMUiLB-Vd_WfQ
Breaking Points,"June 7, 2025",65,https://www.youtube.com/playlist?list=PLR1VVi2S5xz9QbsiHLPxhI6qDJ57pGg7k,https://i.ytimg.com/pl_c/PLR1VVi2S5xz9QbsiHLPxhI6qDJ57pGg7k/studio_square_thumbnail.jpg?sqp=CPrYkMIG-oaymwEICHgQeCAASFqi85f_AwYIqLySugY&rs=AMzJL3nmFkAZpnyAgXh2aNPxe9kDBHQgMg
The Viall Files,"June 2, 2025",65,https://www.youtube.com/playlist?list=PLwuvO7QnbpjjDLP72cS5nB-Mpavk5MEHz,https://i.ytimg.com/pl_c/PLwuvO7QnbpjjDLP72cS5nB-Mpavk5MEHz/studio_square_thumbnail.jpg?sqp=CMvv9sEG-oaymwEICHgQeCAASFqi85f_AwYItYSdoQY&rs=AMzJL3kZXH-cIOeemhOyoyk_6zBcDROZIg
The Viall Files,"May 29, 2025",65,https://www.youtube.com/playlist?list=PLwuvO7QnbpjjDLP72cS5nB-Mpavk5MEHz,https://i.ytimg.com/pl_c/PLwuvO7QnbpjjDLP72cS5nB-Mpavk5MEHz/studio_square_thumbnail.jpg?sqp=CMrx4cEG-oaymwEICHgQeCAASFqi85f_AwYItYSdoQY&rs=AMzJL3kaOkrl4tkMK6wUXjrv9dzSlqN27A
IHIP News,"June 7, 2025",66,https://www.youtube.com/playlist?list=PLa2mr0CgSHfgNL0ORZF2EA4tIFIYQOhYg,https://i.ytimg.com/pl_c/PLa2mr0CgSHfgNL0ORZF2EA4tIFIYQOhYg/studio_square_thumbnail.jpg?sqp=CPrYkMIG-oaymwEICHgQeCAASFqi85f_AwYIyMHttQY&rs=AMzJL3mFHEZ3vZDv7KscDKKGyhw2fIJ3_g
Legal AF Podcast,"June 2, 2025",66,https://www.youtube.com/playlist?list=PL36GQAccexbzeCLQusnecQAquydGw8kBC,https://i.ytimg.com/pl_c/PL36GQAccexbzeCLQusnecQAquydGw8kBC/studio_square_thumbnail.jpg?sqp=CMvv9sEG-oaymwEICHgQeCAASFqi85f_AwYIpvHTqwY&rs=AMzJL3myTktHz26piGiyTkRkkDtUCN6dbA
Legal AF Podcast,"May 29, 2025",66,https://www.youtube.com/playlist?list=PL36GQAccexbzeCLQusnecQAquydGw8kBC,https://i.ytimg.com/pl_c/PL36GQAccexbzeCLQusnecQAquydGw8kBC/studio_square_thumbnail.jpg?sqp=CMrx4cEG-oaymwEICHgQeCAASFqi85f_AwYIpvHTqwY&rs=AMzJL3moKyKGqsJP7ohB2KMRRAC6pu-MwQ
Two Hot Takes,"June 7, 2025",67,https://www.youtube.com/playlist?list=PLD8TIVLBtrhungLkp1I27lHdG6Y4R3NBA,https://i.ytimg.com/pl_c/PLD8TIVLBtrhungLkp1I27lHdG6Y4R3NBA/studio_square_thumbnail.jpg?sqp=CPrYkMIG-oaymwEICHgQeCAASFqi85f_AwYIx9CEugY&rs=AMzJL3mskbHM6g7hQ78rhHgR_iJ87CccFg
La Entrevista Con Yordi Rosado,"June 2, 2025",67,https://www.youtube.com/playlist?list=PL20k59uvhcvz9CKI1fo_nrD-APCA0XRhj,https://i.ytimg.com/pl_c/PL20k59uvhcvz9CKI1fo_nrD-APCA0XRhj/studio_square_thumbnail.jpg?sqp=CMvv9sEG-oaymwEICHgQeCAASFqi85f_AwYIq-CvowY&rs=AMzJL3nRtl0VUlIQS3ZZYtOlEM0YhTaflA
La Entrevista Con Yordi Rosado,"May 29, 2025",67,https://www.youtube.com/playlist?list=PL20k59uvhcvz9CKI1fo_nrD-APCA0XRhj,https://i.ytimg.com/pl_c/PL20k59uvhcvz9CKI1fo_nrD-APCA0XRhj/studio_square_thumbnail.jpg?sqp=CMrx4cEG-oaymwEICHgQeCAASFqi85f_AwYIq-CvowY&rs=AMzJL3nD0wRcnx8FvIeCwJTNdqfYIE8lTg
PBS NewsHour,"June 7, 2025",68,https://www.youtube.com/playlist?list=PLgawtcOBBjr9w4YGiJrPD8f6MXTCIUfK9,https://i.ytimg.com/pl_c/PLgawtcOBBjr9w4YGiJrPD8f6MXTCIUfK9/studio_square_thumbnail.jpg?sqp=CPrYkMIG-oaymwEICHgQeCAASFqi85f_AwYI3Y68oAY&rs=AMzJL3leRQcidnz0D-PrTgD3Pg004kMVcw
Reel Rejects,"June 2, 2025",68,https://www.youtube.com/playlist?list=PL-bIhJVeYWw9Jo8VqD_DhVgqCasXX38PR,https://i.ytimg.com/pl_c/PL-bIhJVeYWw9Jo8VqD_DhVgqCasXX38PR/studio_square_thumbnail.jpg?sqp=CMvv9sEG-oaymwEICHgQeCAASFqi85f_AwYI5YbgoAY&rs=AMzJL3kjIfFlO8iHo7fv8DLpwBPb7fFFxw
Reel Rejects,"May 29, 2025",68,https://www.youtube.com/playlist?list=PL-bIhJVeYWw9Jo8VqD_DhVgqCasXX38PR,https://i.ytimg.com/pl_c/PL-bIhJVeYWw9Jo8VqD_DhVgqCasXX38PR/studio_square_thumbnail.jpg?sqp=CMrx4cEG-oaymwEICHgQeCAASFqi85f_AwYI5YbgoAY&rs=AMzJL3lIpY9n_OdPaxjXaRZ8Cw2HDRvQgQ
Club 520 Podcast,"June 7, 2025",69,https://www.youtube.com/playlist?list=PLJ6ilM70aUNsZBfAddr0rb1XkwM8l7Cy1,https://i.ytimg.com/pl_c/PLJ6ilM70aUNsZBfAddr0rb1XkwM8l7Cy1/studio_square_thumbnail.jpg?sqp=CPrYkMIG-oaymwEICHgQeCAASFqi85f_AwYIw_nLqAY&rs=AMzJL3nmJAac2y5Q0VZiiHppHgqEud9PFw
The Mel Robbins Podcast,"June 2, 2025",69,https://www.youtube.com/playlist?list=PLhW2xUEb-B-Y92Q1wVWw6TyMNr4idD-yv,https://i.ytimg.com/pl_c/PLhW2xUEb-B-Y92Q1wVWw6TyMNr4idD-yv/studio_square_thumbnail.jpg?sqp=CMvv9sEG-oaymwEICHgQeCAASFqi85f_AwYIkqS8oQY&rs=AMzJL3lzAkgQhQc6F_RKP1psrE_wuiUjiw
The Mel Robbins Podcast,"May 29, 2025",69,https://www.youtube.com/playlist?list=PLhW2xUEb-B-Y92Q1wVWw6TyMNr4idD-yv,https://i.ytimg.com/pl_c/PLhW2xUEb-B-Y92Q1wVWw6TyMNr4idD-yv/studio_square_thumbnail.jpg?sqp=CMrx4cEG-oaymwEICHgQeCAASFqi85f_AwYIkqS8oQY&rs=AMzJL3nppFdMEFBVn4sZPITpbtGKpTUtWA
Triggernometry,"June 7, 2025",70,https://www.youtube.com/playlist?list=PLLcayDZ_ypeD9DxEL-zZnPRLuaZg-YQGL,https://i.ytimg.com/pl_c/PLLcayDZ_ypeD9DxEL-zZnPRLuaZg-YQGL/studio_square_thumbnail.jpg?sqp=CPrYkMIG-oaymwEICHgQeCAASFqi85f_AwYIo4eSoQY&rs=AMzJL3nReuYE-AuVBEcoJDl6nlf_X7EMIg
Metabolic Freedom Podcast With Ben Azadi,"June 2, 2025",70,https://www.youtube.com/playlist?list=PL3q2XjTF08MCKcJPMJiQlIsuX6UVFq_iG,https://i.ytimg.com/pl_c/PL3q2XjTF08MCKcJPMJiQlIsuX6UVFq_iG/studio_square_thumbnail.jpg?sqp=CMvv9sEG-oaymwEICHgQeCAASFqi85f_AwYI0NKAsAY&rs=AMzJL3nRqhkm1uPzw5uOboJsqY_c-wucqQ
Metabolic Freedom Podcast With Ben Azadi,"May 29, 2025",70,https://www.youtube.com/playlist?list=PL3q2XjTF08MCKcJPMJiQlIsuX6UVFq_iG,https://i.ytimg.com/pl_c/PL3q2XjTF08MCKcJPMJiQlIsuX6UVFq_iG/studio_square_thumbnail.jpg?sqp=CMrx4cEG-oaymwEICHgQeCAASFqi85f_AwYI0NKAsAY&rs=AMzJL3meiT-0MdO3P3xaBZP23NVQBjHAeg
The Mel Robbins Podcast,"June 7, 2025",71,https://www.youtube.com/playlist?list=PLhW2xUEb-B-Y92Q1wVWw6TyMNr4idD-yv,https://i.ytimg.com/pl_c/PLhW2xUEb-B-Y92Q1wVWw6TyMNr4idD-yv/studio_square_thumbnail.jpg?sqp=CPrYkMIG-oaymwEICHgQeCAASFqi85f_AwYIkqS8oQY&rs=AMzJL3k43gYmZ3ZR3jp1pMbO0BRoRPzBPg
The Benny Show,"June 2, 2025",71,https://www.youtube.com/playlist?list=PL6uIpJ3rdacmcmNoDFlRSLHbcoklgsM_W,https://i.ytimg.com/pl_c/PL6uIpJ3rdacmcmNoDFlRSLHbcoklgsM_W/studio_square_thumbnail.jpg?sqp=CMvv9sEG-oaymwEICHgQeCAASFqi85f_AwYIhJzcwQY&rs=AMzJL3mSK-UBwTmK0V9Az7wej9zwxmiOSQ
The Benny Show,"May 29, 2025",71,https://www.youtube.com/playlist?list=PL6uIpJ3rdacmcmNoDFlRSLHbcoklgsM_W,https://i.ytimg.com/pl_c/PL6uIpJ3rdacmcmNoDFlRSLHbcoklgsM_W/studio_square_thumbnail.jpg?sqp=CMrx4cEG-oaymwEICHgQeCAASFqi85f_AwYIhJzcwQY&rs=AMzJL3kzxIr-Xtx05Pwtw6x1njE0m7cVGg
Barry Cunningham Podcasts And Live Shows,"June 7, 2025",72,https://www.youtube.com/playlist?list=PLeMKPcB8nmmqMaDqq35xnBClV01VEkhfH,https://i.ytimg.com/pl_c/PLeMKPcB8nmmqMaDqq35xnBClV01VEkhfH/studio_square_thumbnail.jpg?sqp=CPrYkMIG-oaymwEICHgQeCAASFqi85f_AwYIzMi4sQY&rs=AMzJL3mH_DCat6yAAeL3pcUn672Hykti1w
520 in the Morning,"June 2, 2025",72,https://www.youtube.com/playlist?list=PLJ6ilM70aUNsCmzk30tLGp9gdN2TOAOns,https://i.ytimg.com/pl_c/PLJ6ilM70aUNsCmzk30tLGp9gdN2TOAOns/studio_square_thumbnail.jpg?sqp=CMvv9sEG-oaymwEICHgQeCAASFqi85f_AwYIwbrUuQY&rs=AMzJL3mVbsHyw8EaZFsOD3Z6uInIXdpuZw
520 in the Morning,"May 29, 2025",72,https://www.youtube.com/playlist?list=PLJ6ilM70aUNsCmzk30tLGp9gdN2TOAOns,https://i.ytimg.com/pl_c/PLJ6ilM70aUNsCmzk30tLGp9gdN2TOAOns/studio_square_thumbnail.jpg?sqp=CMrx4cEG-oaymwEICHgQeCAASFqi85f_AwYIwbrUuQY&rs=AMzJL3l4x7TLZL9-kjMU65rIxyKsrkKoCA
Crime Weekly,"June 7, 2025",73,https://www.youtube.com/playlist?list=PLXRFYzcEeaXnupil1Tyko-ouvOb9EGJ3b,https://i.ytimg.com/pl_c/PLXRFYzcEeaXnupil1Tyko-ouvOb9EGJ3b/studio_square_thumbnail.jpg?sqp=CPrYkMIG-oaymwEICHgQeCAASFqi85f_AwYIjbDzoAY&rs=AMzJL3ni1cvP4_r9qxcU51BMWF9Mvly7fw
Stories from the Bible,"June 2, 2025",73,https://www.youtube.com/playlist?list=PLN1jE4x9RWa4QCQvUbFKPmyHKORCSzjL2,https://i.ytimg.com/pl_c/PLN1jE4x9RWa4QCQvUbFKPmyHKORCSzjL2/studio_square_thumbnail.jpg?sqp=CMvv9sEG-oaymwEICHgQeCAASFqi85f_AwYI_Of_wAY&rs=AMzJL3nZM24TIOzQiSs4TqTF584mQnK-RQ
Stories from the Bible,"May 29, 2025",73,https://www.youtube.com/playlist?list=PLN1jE4x9RWa4QCQvUbFKPmyHKORCSzjL2,https://i.ytimg.com/pl_c/PLN1jE4x9RWa4QCQvUbFKPmyHKORCSzjL2/studio_square_thumbnail.jpg?sqp=CMrx4cEG-oaymwEICHgQeCAASFqi85f_AwYI_Of_wAY&rs=AMzJL3mVsU0FLxZXMhWEUXFrj1hLxUWpyQ
Stories from the Bible,"June 7, 2025",74,https://www.youtube.com/playlist?list=PLN1jE4x9RWa4QCQvUbFKPmyHKORCSzjL2,https://i.ytimg.com/pl_c/PLN1jE4x9RWa4QCQvUbFKPmyHKORCSzjL2/studio_square_thumbnail.jpg?sqp=CPrYkMIG-oaymwEICHgQeCAASFqi85f_AwYI_Of_wAY&rs=AMzJL3mlUlR99_RSQtNbEFiFrEbUAEHLtQ
Julian Dorey Podcast,"June 2, 2025",74,https://www.youtube.com/playlist?list=PL-ICwfCgQ-Z0BXxr5ioS0KdARqfPyiRmJ,https://i.ytimg.com/pl_c/PL-ICwfCgQ-Z0BXxr5ioS0KdARqfPyiRmJ/studio_square_thumbnail.jpg?sqp=CMvv9sEG-oaymwEICHgQeCAASFqi85f_AwYIiYbPsgY&rs=AMzJL3n2WFqwv_RY14t4bqaBZMIZYYHWdQ
Julian Dorey Podcast,"May 29, 2025",74,https://www.youtube.com/playlist?list=PL-ICwfCgQ-Z0BXxr5ioS0KdARqfPyiRmJ,https://i.ytimg.com/pl_c/PL-ICwfCgQ-Z0BXxr5ioS0KdARqfPyiRmJ/studio_square_thumbnail.jpg?sqp=CMrx4cEG-oaymwEICHgQeCAASFqi85f_AwYIiYbPsgY&rs=AMzJL3nySbDhA_4cPVtjLGOVeFLzNTRpCA
Cancelled with Tana Mongeau & Brooke Schofield,"June 7, 2025",75,https://www.youtube.com/playlist?list=PLpZFQCvquZYYeTRvZSEiSRWsg-X5UF22r,https://i.ytimg.com/pl_c/PLpZFQCvquZYYeTRvZSEiSRWsg-X5UF22r/studio_square_thumbnail.jpg?sqp=CPrYkMIG-oaymwEICHgQeCAASFqi85f_AwYI06rhoQY&rs=AMzJL3lo-oheWBcRuxxCxYPJBR6nE92Wfg
True Crime with Kendall Rae,"June 2, 2025",75,https://www.youtube.com/playlist?list=PLhah3AydMEVA9zNHYoSf1HIUMd34Ezrxw,https://i.ytimg.com/pl_c/PLhah3AydMEVA9zNHYoSf1HIUMd34Ezrxw/studio_square_thumbnail.jpg?sqp=CMvv9sEG-oaymwEICHgQeCAASFqi85f_AwYI37e7sAY&rs=AMzJL3keXkG_YMU7Vs3XfG4oIs-hHdYBvg
True Crime with Kendall Rae,"May 29, 2025",75,https://www.youtube.com/playlist?list=PLhah3AydMEVA9zNHYoSf1HIUMd34Ezrxw,https://i.ytimg.com/pl_c/PLhah3AydMEVA9zNHYoSf1HIUMd34Ezrxw/studio_square_thumbnail.jpg?sqp=CMrx4cEG-oaymwEICHgQeCAASFqi85f_AwYI37e7sAY&rs=AMzJL3kvg1WzqJ9_ldJTeCRAiGIN1_7yhQ
The Benny Show,"June 7, 2025",76,https://www.youtube.com/playlist?list=PL6uIpJ3rdacmcmNoDFlRSLHbcoklgsM_W,https://i.ytimg.com/pl_c/PL6uIpJ3rdacmcmNoDFlRSLHbcoklgsM_W/studio_square_thumbnail.jpg?sqp=CPrYkMIG-oaymwEICHgQeCAASFqi85f_AwYIhJzcwQY&rs=AMzJL3l9QL8mR3QRtzNPRA0eBCrJ_9n0AQ
Two Hot Takes,"June 2, 2025",76,https://www.youtube.com/playlist?list=PLD8TIVLBtrhungLkp1I27lHdG6Y4R3NBA,https://i.ytimg.com/pl_c/PLD8TIVLBtrhungLkp1I27lHdG6Y4R3NBA/studio_square_thumbnail.jpg?sqp=CMvv9sEG-oaymwEICHgQeCAASFqi85f_AwYIx9CEugY&rs=AMzJL3mVY6EZHDhth2vLvwsOOiGijVp6ug
Two Hot Takes,"May 29, 2025",76,https://www.youtube.com/playlist?list=PLD8TIVLBtrhungLkp1I27lHdG6Y4R3NBA,https://i.ytimg.com/pl_c/PLD8TIVLBtrhungLkp1I27lHdG6Y4R3NBA/studio_square_thumbnail.jpg?sqp=CMrx4cEG-oaymwEICHgQeCAASFqi85f_AwYIx9CEugY&rs=AMzJL3kYy7tqagJLGwYMHwZ4s4FawqzgDg
Huberman Lab,"June 7, 2025",77,https://www.youtube.com/playlist?list=PLPNW_gerXa4Pc8S2qoUQc5e8Ir97RLuVW,https://i.ytimg.com/pl_c/PLPNW_gerXa4Pc8S2qoUQc5e8Ir97RLuVW/studio_square_thumbnail.jpg?sqp=CPrYkMIG-oaymwEICHgQeCAASFqi85f_AwYIkfODoAY&rs=AMzJL3l0kShwYfQaOuPBVKm7YgrIrZuYug
The Broski Report,"June 2, 2025",77,https://www.youtube.com/playlist?list=PLHoCFImz9QnU3vgAGy_qw2MfNGnByUq1C,https://i.ytimg.com/pl_c/PLHoCFImz9QnU3vgAGy_qw2MfNGnByUq1C/studio_square_thumbnail.jpg?sqp=CMvv9sEG-oaymwEICHgQeCAASFqi85f_AwYIx6GvowY&rs=AMzJL3noZ_PlQfcSnhlMlmWDL6sZY6dCIA
The Broski Report,"May 29, 2025",77,https://www.youtube.com/playlist?list=PLHoCFImz9QnU3vgAGy_qw2MfNGnByUq1C,https://i.ytimg.com/pl_c/PLHoCFImz9QnU3vgAGy_qw2MfNGnByUq1C/studio_square_thumbnail.jpg?sqp=CMrx4cEG-oaymwEICHgQeCAASFqi85f_AwYIx6GvowY&rs=AMzJL3k3n-IobbiKutpaQN1bIcWQeSAiWg
The Pivot Podcast,"June 7, 2025",78,https://www.youtube.com/playlist?list=PLaY-2CEV06Vzy7Tbe_uZ6KHYFbjGb2kDE,https://i.ytimg.com/pl_c/PLaY-2CEV06Vzy7Tbe_uZ6KHYFbjGb2kDE/studio_square_thumbnail.jpg?sqp=CPrYkMIG-oaymwEICHgQeCAASFqi85f_AwYIgdqyoQY&rs=AMzJL3l0zTdZ7gWX_Gpd9gNBcNzck7w5lQ
Democracy Now!,"June 2, 2025",78,https://www.youtube.com/playlist?list=PLneypbodq-jYq9a6Y8BjobC6KJOIBLCZB,https://i.ytimg.com/pl_c/PLneypbodq-jYq9a6Y8BjobC6KJOIBLCZB/studio_square_thumbnail.jpg?sqp=CMvv9sEG-oaymwEICHgQeCAASFqi85f_AwYI0__OoAY&rs=AMzJL3lElPiSkCUXzWk_X8aWBa-YFl5q2A
Democracy Now!,"May 29, 2025",78,https://www.youtube.com/playlist?list=PLneypbodq-jYq9a6Y8BjobC6KJOIBLCZB,https://i.ytimg.com/pl_c/PLneypbodq-jYq9a6Y8BjobC6KJOIBLCZB/studio_square_thumbnail.jpg?sqp=CMrx4cEG-oaymwEICHgQeCAASFqi85f_AwYI0__OoAY&rs=AMzJL3lynP2wIHuu7xa1-h_-leMZDA5EqQ
The Viall Files,"June 7, 2025",79,https://www.youtube.com/playlist?list=PLwuvO7QnbpjjDLP72cS5nB-Mpavk5MEHz,https://i.ytimg.com/pl_c/PLwuvO7QnbpjjDLP72cS5nB-Mpavk5MEHz/studio_square_thumbnail.jpg?sqp=CPrYkMIG-oaymwEICHgQeCAASFqi85f_AwYItYSdoQY&rs=AMzJL3lX4ggbcLY_xrYJcVHfx2eg-2Mxog
Huberman Lab,"June 2, 2025",79,https://www.youtube.com/playlist?list=PLPNW_gerXa4Pc8S2qoUQc5e8Ir97RLuVW,https://i.ytimg.com/pl_c/PLPNW_gerXa4Pc8S2qoUQc5e8Ir97RLuVW/studio_square_thumbnail.jpg?sqp=CMvv9sEG-oaymwEICHgQeCAASFqi85f_AwYIkfODoAY&rs=AMzJL3kzRGK29TutuX-k2ZQDcSmXLmRH0w
Huberman Lab,"May 29, 2025",79,https://www.youtube.com/playlist?list=PLPNW_gerXa4Pc8S2qoUQc5e8Ir97RLuVW,https://i.ytimg.com/pl_c/PLPNW_gerXa4Pc8S2qoUQc5e8Ir97RLuVW/studio_square_thumbnail.jpg?sqp=CMrx4cEG-oaymwEICHgQeCAASFqi85f_AwYIkfODoAY&rs=AMzJL3lhe96qY_BHb6WZ9C7pMvKZ331y0Q
Law&Crime Crime Fix with Angenette Levy,"June 7, 2025",80,https://www.youtube.com/playlist?list=PLoW1SIeAWaWaucjKyz7lAmqMxO86PVzZi,https://i.ytimg.com/pl_c/PLoW1SIeAWaWaucjKyz7lAmqMxO86PVzZi/studio_square_thumbnail.jpg?sqp=CPrYkMIG-oaymwEICHgQeCAASFqi85f_AwYIoKWYvgY&rs=AMzJL3kz5jnBRpgygB7oR4wF0F8DCv0Byw
Timcast News Stories,"June 2, 2025",80,https://www.youtube.com/playlist?list=PLNXlIeYUj-MEd3bRQpdj3XJGhGcdnR9b4,https://i.ytimg.com/pl_c/PLNXlIeYUj-MEd3bRQpdj3XJGhGcdnR9b4/studio_square_thumbnail.jpg?sqp=CMvv9sEG-oaymwEICHgQeCAASFqi85f_AwYIp_eXuAY&rs=AMzJL3mxryg2Ad3EJyaZ0XsxVryr45iEhA
Timcast News Stories,"May 29, 2025",80,https://www.youtube.com/playlist?list=PLNXlIeYUj-MEd3bRQpdj3XJGhGcdnR9b4,https://i.ytimg.com/pl_c/PLNXlIeYUj-MEd3bRQpdj3XJGhGcdnR9b4/studio_square_thumbnail.jpg?sqp=CMrx4cEG-oaymwEICHgQeCAASFqi85f_AwYIp_eXuAY&rs=AMzJL3lGeeUvBncsBGQnkDZHV_2rz-gIHQ
Danny Jones Podcast,"June 7, 2025",81,https://www.youtube.com/playlist?list=PLGY1W2xOsCN6EoLkuhSWn89z5r5S-puy4,https://i.ytimg.com/pl_c/PLGY1W2xOsCN6EoLkuhSWn89z5r5S-puy4/studio_square_thumbnail.jpg?sqp=CPrYkMIG-oaymwEICHgQeCAASFqi85f_AwYIwNSttgY&rs=AMzJL3leSql4-jKodI_HIAI0BTD_jTbEEA
Moral Of The Story,"June 2, 2025",81,https://www.youtube.com/playlist?list=PLqwCKO-G74xxLFLioRARemfZAoaVncySQ,https://i.ytimg.com/pl_c/PLqwCKO-G74xxLFLioRARemfZAoaVncySQ/studio_square_thumbnail.jpg?sqp=CMvv9sEG-oaymwEICHgQeCAASFqi85f_AwYIut3NtgY&rs=AMzJL3n5UtHitXSIWulA_1IpXT4ng9R_qA
Moral Of The Story,"May 29, 2025",81,https://www.youtube.com/playlist?list=PLqwCKO-G74xxLFLioRARemfZAoaVncySQ,https://i.ytimg.com/pl_c/PLqwCKO-G74xxLFLioRARemfZAoaVncySQ/studio_square_thumbnail.jpg?sqp=CMrx4cEG-oaymwEICHgQeCAASFqi85f_AwYIut3NtgY&rs=AMzJL3nseEeSmg9k89cMU2ZvqUPZs5wrSQ
The Broski Report,"June 7, 2025",82,https://www.youtube.com/playlist?list=PLHoCFImz9QnU3vgAGy_qw2MfNGnByUq1C,https://i.ytimg.com/pl_c/PLHoCFImz9QnU3vgAGy_qw2MfNGnByUq1C/studio_square_thumbnail.jpg?sqp=CPrYkMIG-oaymwEICHgQeCAASFqi85f_AwYIx6GvowY&rs=AMzJL3mo98MAGhZUK8CCdD26AAbt7iIjaw
Club 520 Podcast,"June 2, 2025",82,https://www.youtube.com/playlist?list=PLJ6ilM70aUNsZBfAddr0rb1XkwM8l7Cy1,https://i.ytimg.com/pl_c/PLJ6ilM70aUNsZBfAddr0rb1XkwM8l7Cy1/studio_square_thumbnail.jpg?sqp=CMvv9sEG-oaymwEICHgQeCAASFqi85f_AwYIw_nLqAY&rs=AMzJL3mbhdDfA-usgGkAX1a2QRkuQRLpcQ
Club 520 Podcast,"May 29, 2025",82,https://www.youtube.com/playlist?list=PLJ6ilM70aUNsZBfAddr0rb1XkwM8l7Cy1,https://i.ytimg.com/pl_c/PLJ6ilM70aUNsZBfAddr0rb1XkwM8l7Cy1/studio_square_thumbnail.jpg?sqp=CMrx4cEG-oaymwEICHgQeCAASFqi85f_AwYIw_nLqAY&rs=AMzJL3ni92Fpw0hlRKryR0UGTDJXYHGhwQ
520 in the Morning,"June 7, 2025",83,https://www.youtube.com/playlist?list=PLJ6ilM70aUNsCmzk30tLGp9gdN2TOAOns,https://i.ytimg.com/pl_c/PLJ6ilM70aUNsCmzk30tLGp9gdN2TOAOns/studio_square_thumbnail.jpg?sqp=CPrYkMIG-oaymwEICHgQeCAASFqi85f_AwYIwbrUuQY&rs=AMzJL3nmMgIaQ-dlz4IwTb5OE5MIrH9MJg
The Bald and the Beautiful with Trixie and Katya,"June 2, 2025",83,https://www.youtube.com/playlist?list=PLeuxZvL-qVvnCAzTJHT7Ob592bycBXQZI,https://i.ytimg.com/pl_c/PLeuxZvL-qVvnCAzTJHT7Ob592bycBXQZI/studio_square_thumbnail.jpg?sqp=CMvv9sEG-oaymwEICHgQeCAASFqi85f_AwYI7uL_uAY&rs=AMzJL3ny4i2eoVKi4niToyFu44E01O4Kuw
The Bald and the Beautiful with Trixie and Katya,"May 29, 2025",83,https://www.youtube.com/playlist?list=PLeuxZvL-qVvnCAzTJHT7Ob592bycBXQZI,https://i.ytimg.com/pl_c/PLeuxZvL-qVvnCAzTJHT7Ob592bycBXQZI/studio_square_thumbnail.jpg?sqp=CMrx4cEG-oaymwEICHgQeCAASFqi85f_AwYI7uL_uAY&rs=AMzJL3mWsX1HDbWmqGi_iCHroWRD54PuYg
On Purpose Podcast,"June 7, 2025",84,https://www.youtube.com/playlist?list=PL-Woi1-PlvaLMXaictKoiRv6PYUOIy4Xm,https://i.ytimg.com/pl_c/PL-Woi1-PlvaLMXaictKoiRv6PYUOIy4Xm/studio_square_thumbnail.jpg?sqp=CPrYkMIG-oaymwEICHgQeCAASFqi85f_AwYIxeCprgY&rs=AMzJL3n732_Q5joxgZUtMmah2w5irzwMzw
Reallyfe Street Starz Podcast,"June 2, 2025",84,https://www.youtube.com/playlist?list=PLb65aRGVM8C5_5tkEn9qU4BDlDO0ucVox,https://i.ytimg.com/pl_c/PLb65aRGVM8C5_5tkEn9qU4BDlDO0ucVox/studio_square_thumbnail.jpg?sqp=CMvv9sEG-oaymwEICHgQeCAASFqi85f_AwYI_o6qwQY&rs=AMzJL3mxqrQbh3ZjDBjE7IxO9KGJQDyf6g
Reallyfe Street Starz Podcast,"May 29, 2025",84,https://www.youtube.com/playlist?list=PLb65aRGVM8C5_5tkEn9qU4BDlDO0ucVox,https://i.ytimg.com/pl_c/PLb65aRGVM8C5_5tkEn9qU4BDlDO0ucVox/studio_square_thumbnail.jpg?sqp=CMrx4cEG-oaymwEICHgQeCAASFqi85f_AwYI_o6qwQY&rs=AMzJL3lf3EYy4NqdS9zkjcjTbsUklJv2KQ
Your Mom's House w/ Tom Segura & Christina P,"June 7, 2025",85,https://www.youtube.com/playlist?list=PL-i3EV1v5hLd9H1p2wT5ZD8alEY0EmxYD,https://i.ytimg.com/pl_c/PL-i3EV1v5hLd9H1p2wT5ZD8alEY0EmxYD/studio_square_thumbnail.jpg?sqp=CPrYkMIG-oaymwEICHgQeCAASFqi85f_AwYIs7nhoQY&rs=AMzJL3la76iCyGWeX5UMnQw4Y3NASsP1IA
MrBallen Crime,"June 2, 2025",85,https://www.youtube.com/playlist?list=PLgRgJrlop--PlKEihwNO55pE9QQlT_6Mz,https://i.ytimg.com/pl_c/PLgRgJrlop--PlKEihwNO55pE9QQlT_6Mz/studio_square_thumbnail.jpg?sqp=CMvv9sEG-oaymwEICHgQeCAASFqi85f_AwYIgKWzwQY&rs=AMzJL3k64SuyaEOoZk5YAanmor_S5dJ6Ng
MrBallen Crime,"May 29, 2025",85,https://www.youtube.com/playlist?list=PLgRgJrlop--PlKEihwNO55pE9QQlT_6Mz,https://i.ytimg.com/pl_c/PLgRgJrlop--PlKEihwNO55pE9QQlT_6Mz/studio_square_thumbnail.jpg?sqp=CMrx4cEG-oaymwEICHgQeCAASFqi85f_AwYIgKWzwQY&rs=AMzJL3mE0zIvm4JcRAjkJpy45zycE0Swqg
The Bald and the Beautiful with Trixie and Katya,"June 7, 2025",86,https://www.youtube.com/playlist?list=PLeuxZvL-qVvnCAzTJHT7Ob592bycBXQZI,https://i.ytimg.com/pl_c/PLeuxZvL-qVvnCAzTJHT7Ob592bycBXQZI/studio_square_thumbnail.jpg?sqp=CPrYkMIG-oaymwEICHgQeCAASFqi85f_AwYI7uL_uAY&rs=AMzJL3l-CifhhjtVQeTharMcuu67_ji8Yg
Shane Dawson Podcast,"June 2, 2025",86,https://www.youtube.com/playlist?list=PLUquvWuWlOaO3a04sl86i63y6LQqn1UIx,https://yt3.ggpht.com/61bwXQvVdRoNo09yNMuMgUq30UxUgiX6-bB4Y4mMo9A4GkbbV-uBGHpsBHSGp3JXT1_9MtIL-eU=w80-h80-p-k-c0x00000000-no-rj-rp
Shane Dawson Podcast,"May 29, 2025",86,https://www.youtube.com/playlist?list=PLUquvWuWlOaO3a04sl86i63y6LQqn1UIx,https://yt3.ggpht.com/61bwXQvVdRoNo09yNMuMgUq30UxUgiX6-bB4Y4mMo9A4GkbbV-uBGHpsBHSGp3JXT1_9MtIL-eU=w80-h80-p-k-c0x00000000-no-rj-rp
Power Hour,"June 7, 2025",87,https://www.youtube.com/playlist?list=PL2OFHLSeLxlaNYxInFOfVq56JAhVRKGK4,https://i.ytimg.com/pl_c/PL2OFHLSeLxlaNYxInFOfVq56JAhVRKGK4/studio_square_thumbnail.jpg?sqp=CPrYkMIG-oaymwEICHgQeCAASFqi85f_AwYIs_GUrwY&rs=AMzJL3mzUakxSme2GnQFQ-k6LDzYzcukJQ
PBS NewsHour,"June 2, 2025",87,https://www.youtube.com/playlist?list=PLgawtcOBBjr9w4YGiJrPD8f6MXTCIUfK9,https://i.ytimg.com/pl_c/PLgawtcOBBjr9w4YGiJrPD8f6MXTCIUfK9/studio_square_thumbnail.jpg?sqp=CMvv9sEG-oaymwEICHgQeCAASFqi85f_AwYI3Y68oAY&rs=AMzJL3lhBYO4VFqh29luBJuGLq9_d9xJ4A
PBS NewsHour,"May 29, 2025",87,https://www.youtube.com/playlist?list=PLgawtcOBBjr9w4YGiJrPD8f6MXTCIUfK9,https://i.ytimg.com/pl_c/PLgawtcOBBjr9w4YGiJrPD8f6MXTCIUfK9/studio_square_thumbnail.jpg?sqp=CMrx4cEG-oaymwEICHgQeCAASFqi85f_AwYI3Y68oAY&rs=AMzJL3nq44iWdk2-df3FgvT2L1KJoxM5GA
The Last Word with Lawrence O'Donnell,"June 7, 2025",88,https://www.youtube.com/playlist?list=PLDIVi-vBsOEwLAC9dC8sjce8wkyzMiGIp,https://i.ytimg.com/pl_c/PLDIVi-vBsOEwLAC9dC8sjce8wkyzMiGIp/studio_square_thumbnail.jpg?sqp=CPrYkMIG-oaymwEICHgQeCAASFqi85f_AwYIiaLergY&rs=AMzJL3ncIjsD9_6LQmxsyAkeNuxZMJFCAw
Your Mom's House w/ Tom Segura & Christina P,"June 2, 2025",88,https://www.youtube.com/playlist?list=PL-i3EV1v5hLd9H1p2wT5ZD8alEY0EmxYD,https://i.ytimg.com/pl_c/PL-i3EV1v5hLd9H1p2wT5ZD8alEY0EmxYD/studio_square_thumbnail.jpg?sqp=CMvv9sEG-oaymwEICHgQeCAASFqi85f_AwYIs7nhoQY&rs=AMzJL3kYdAiej3Uttx9IroI2ZUEDwqz7dQ
Your Mom's House w/ Tom Segura & Christina P,"May 29, 2025",88,https://www.youtube.com/playlist?list=PL-i3EV1v5hLd9H1p2wT5ZD8alEY0EmxYD,https://i.ytimg.com/pl_c/PL-i3EV1v5hLd9H1p2wT5ZD8alEY0EmxYD/studio_square_thumbnail.jpg?sqp=CMrx4cEG-oaymwEICHgQeCAASFqi85f_AwYIs7nhoQY&rs=AMzJL3k265GJLTXD0Sd60EBc2h286ddP9Q
Dan Wootton Outspoken,"June 7, 2025",89,https://www.youtube.com/playlist?list=PLrb1XCeNhJUHYrkqYRPfGiHjeNMhFBqXl,https://i.ytimg.com/pl_c/PLrb1XCeNhJUHYrkqYRPfGiHjeNMhFBqXl/studio_square_thumbnail.jpg?sqp=CPrYkMIG-oaymwEICHgQeCAASFqi85f_AwYI87DhwQY&rs=AMzJL3kUSS5Pu2pYX8o5TUdPqHC3XCZacg
Authorized Account,"June 2, 2025",89,https://www.youtube.com/playlist?list=PLKfWL8IXgKBuEPTd0atYicHwAX_FK5PEG,https://i.ytimg.com/pl_c/PLKfWL8IXgKBuEPTd0atYicHwAX_FK5PEG/studio_square_thumbnail.jpg?sqp=CMvv9sEG-oaymwEICHgQeCAASFqi85f_AwYI1OS1uAY&rs=AMzJL3mruQwmE3aBZp4yUd_U2cg4FyvZzA
Authorized Account,"May 29, 2025",89,https://www.youtube.com/playlist?list=PLKfWL8IXgKBuEPTd0atYicHwAX_FK5PEG,https://i.ytimg.com/pl_c/PLKfWL8IXgKBuEPTd0atYicHwAX_FK5PEG/studio_square_thumbnail.jpg?sqp=CMrx4cEG-oaymwEICHgQeCAASFqi85f_AwYI1OS1uAY&rs=AMzJL3nQ5ZJvlH-jaZpaMiDHNL5zgUzIIw
Extra Anormal Podcast,"June 7, 2025",90,https://www.youtube.com/playlist?list=PLIijRqUddPmhs7b8p_0VxYA3Dvh4629EJ,https://i.ytimg.com/pl_c/PLIijRqUddPmhs7b8p_0VxYA3Dvh4629EJ/studio_square_thumbnail.jpg?sqp=CPrYkMIG-oaymwEICHgQeCAASFqi85f_AwYInLW8oQY&rs=AMzJL3mLbt6EkPmHg3Gc46crW4oj6xGZVg
The Matt Walsh Show,"June 2, 2025",90,https://www.youtube.com/playlist?list=PLtaw783sD-HWC4Exfds4_lX9428LSz5eI,https://i.ytimg.com/pl_c/PLtaw783sD-HWC4Exfds4_lX9428LSz5eI/studio_square_thumbnail.jpg?sqp=CMvv9sEG-oaymwEICHgQeCAASFqi85f_AwYI3PDcpwY&rs=AMzJL3mwn3LPeaupYIZt9xcEOJPGpM6wUw
The Matt Walsh Show,"May 29, 2025",90,https://www.youtube.com/playlist?list=PLtaw783sD-HWC4Exfds4_lX9428LSz5eI,https://i.ytimg.com/pl_c/PLtaw783sD-HWC4Exfds4_lX9428LSz5eI/studio_square_thumbnail.jpg?sqp=CMrx4cEG-oaymwEICHgQeCAASFqi85f_AwYI3PDcpwY&rs=AMzJL3khEE3O7etOp7wG5tRfj2E6OA3aOA
Mind the Game,"June 7, 2025",91,https://www.youtube.com/playlist?list=PLp2G5GXjpIZ8fqPGBPPSxVUA4e5-89qxK,https://i.ytimg.com/pl_c/PLp2G5GXjpIZ8fqPGBPPSxVUA4e5-89qxK/studio_square_thumbnail.jpg?sqp=CPrYkMIG-oaymwEICHgQeCAASFqi85f_AwYI7ZyrvwY&rs=AMzJL3mBZKp0lGD_9bjNdJFC0gpPf481FA
Democracy Watch with Marc Elias,"June 2, 2025",91,https://www.youtube.com/playlist?list=PLOMpnzRkbFsi2yOiCKDN3fYgOzvrvfZm4,https://i.ytimg.com/pl_c/PLOMpnzRkbFsi2yOiCKDN3fYgOzvrvfZm4/studio_square_thumbnail.jpg?sqp=CMvv9sEG-oaymwEICHgQeCAASFqi85f_AwYI-azxvwY&rs=AMzJL3mRovCP0UCTadU9AdWuYDAkYPGwqQ
Democracy Watch with Marc Elias,"May 29, 2025",91,https://www.youtube.com/playlist?list=PLOMpnzRkbFsi2yOiCKDN3fYgOzvrvfZm4,https://i.ytimg.com/pl_c/PLOMpnzRkbFsi2yOiCKDN3fYgOzvrvfZm4/studio_square_thumbnail.jpg?sqp=CMrx4cEG-oaymwEICHgQeCAASFqi85f_AwYI-azxvwY&rs=AMzJL3kP8msfOyWb0CnpcKG_4HfoCiRnmA
True Crime with Kendall Rae,"June 7, 2025",92,https://www.youtube.com/playlist?list=PLhah3AydMEVA9zNHYoSf1HIUMd34Ezrxw,https://i.ytimg.com/pl_c/PLhah3AydMEVA9zNHYoSf1HIUMd34Ezrxw/studio_square_thumbnail.jpg?sqp=CPrYkMIG-oaymwEICHgQeCAASFqi85f_AwYI37e7sAY&rs=AMzJL3n2ZzXwBQJaxk8O16UgR050TX4vyw
Extra Anormal Podcast,"June 2, 2025",92,https://www.youtube.com/playlist?list=PLIijRqUddPmhs7b8p_0VxYA3Dvh4629EJ,https://i.ytimg.com/pl_c/PLIijRqUddPmhs7b8p_0VxYA3Dvh4629EJ/studio_square_thumbnail.jpg?sqp=CMvv9sEG-oaymwEICHgQeCAASFqi85f_AwYInLW8oQY&rs=AMzJL3lumiFsKHDUETzBnZ_K1P5uN91ulA
Extra Anormal Podcast,"May 29, 2025",92,https://www.youtube.com/playlist?list=PLIijRqUddPmhs7b8p_0VxYA3Dvh4629EJ,https://i.ytimg.com/pl_c/PLIijRqUddPmhs7b8p_0VxYA3Dvh4629EJ/studio_square_thumbnail.jpg?sqp=CMrx4cEG-oaymwEICHgQeCAASFqi85f_AwYInLW8oQY&rs=AMzJL3kL-Q9WUb4kSEjejfZXZXj_jZOSQg
Critical Role,"June 7, 2025",93,https://www.youtube.com/playlist?list=PL1tiwbzkOjQydg3QOkBLG9OYqWJ0dwlxF,https://i.ytimg.com/pl_c/PL1tiwbzkOjQydg3QOkBLG9OYqWJ0dwlxF/studio_square_thumbnail.jpg?sqp=CPrYkMIG-oaymwEICHgQeCAASFqi85f_AwYImKvRogY&rs=AMzJL3mR2FlfOQUHU-NFHbfoslfkf3YuSQ
Critical Role,"June 2, 2025",93,https://www.youtube.com/playlist?list=PL1tiwbzkOjQydg3QOkBLG9OYqWJ0dwlxF,https://i.ytimg.com/pl_c/PL1tiwbzkOjQydg3QOkBLG9OYqWJ0dwlxF/studio_square_thumbnail.jpg?sqp=CMvv9sEG-oaymwEICHgQeCAASFqi85f_AwYImKvRogY&rs=AMzJL3nNL5VkQW_RFDu5QKZ4TZS_UPt-xw
Critical Role,"May 29, 2025",93,https://www.youtube.com/playlist?list=PL1tiwbzkOjQydg3QOkBLG9OYqWJ0dwlxF,https://i.ytimg.com/pl_c/PL1tiwbzkOjQydg3QOkBLG9OYqWJ0dwlxF/studio_square_thumbnail.jpg?sqp=CMrx4cEG-oaymwEICHgQeCAASFqi85f_AwYImKvRogY&rs=AMzJL3mQPnhdGfh5aBbbcemRxgPQfZHAAQ
Within Reason,"June 7, 2025",94,https://www.youtube.com/playlist?list=PLMDve3WeC9qAidJ-sVarJXjy5blvar8qu,https://i.ytimg.com/pl_c/PLMDve3WeC9qAidJ-sVarJXjy5blvar8qu/studio_square_thumbnail.jpg?sqp=CPrYkMIG-oaymwEICHgQeCAASFqi85f_AwYIt86moQY&rs=AMzJL3nBTT7LcNeYU03S3PUmb9M1u6DwCw
On Purpose Podcast,"June 2, 2025",94,https://www.youtube.com/playlist?list=PL-Woi1-PlvaLMXaictKoiRv6PYUOIy4Xm,https://i.ytimg.com/pl_c/PL-Woi1-PlvaLMXaictKoiRv6PYUOIy4Xm/studio_square_thumbnail.jpg?sqp=CMvv9sEG-oaymwEICHgQeCAASFqi85f_AwYIxeCprgY&rs=AMzJL3n9H_cO5_CgbCmokHaTKJzzy9UOKA
On Purpose Podcast,"May 29, 2025",94,https://www.youtube.com/playlist?list=PL-Woi1-PlvaLMXaictKoiRv6PYUOIy4Xm,https://i.ytimg.com/pl_c/PL-Woi1-PlvaLMXaictKoiRv6PYUOIy4Xm/studio_square_thumbnail.jpg?sqp=CMrx4cEG-oaymwEICHgQeCAASFqi85f_AwYIxeCprgY&rs=AMzJL3ntrrqNNPZm-NSlo2rlClbPQHP-vg
La Cotorrisa - Anecdotarios,"June 7, 2025",95,https://www.youtube.com/playlist?list=PLTlY-r_NNnuIsBdyUIIH4sj1ro0HTr8Pi,https://i.ytimg.com/pl_c/PLTlY-r_NNnuIsBdyUIIH4sj1ro0HTr8Pi/studio_square_thumbnail.jpg?sqp=CPrYkMIG-oaymwEICHgQeCAASFqi85f_AwYI9cS0tQY&rs=AMzJL3k3Ms8k52lzrS2GwSeIpz-Bo5FHWA
The Ezra Klein Show,"June 2, 2025",95,https://www.youtube.com/playlist?list=PL4n3AtGdRxJgywUZQYUk3k2-HXIQ_fIHE,https://i.ytimg.com/podcasts_artwork/PL4n3AtGdRxJgywUZQYUk3k2-HXIQ_fIHE/rss_feed_ingested.jpg?sqp=CMvv9sEG-oaymwEICHgQeCAASFo&rs=AMzJL3ktkwy-DKjEvoDxBKPnRcvmdQT0BA
The Ezra Klein Show,"May 29, 2025",95,https://www.youtube.com/playlist?list=PL4n3AtGdRxJgywUZQYUk3k2-HXIQ_fIHE,https://i.ytimg.com/podcasts_artwork/PL4n3AtGdRxJgywUZQYUk3k2-HXIQ_fIHE/rss_feed_ingested.jpg?sqp=CMrx4cEG-oaymwEICHgQeCAASFo&rs=AMzJL3kUXRRgV4NCvzxOWQ7oewtm0avx1A
The Weekly Show with Jon Stewart,"June 7, 2025",96,https://www.youtube.com/playlist?list=PLIti_J5fVo4IiJWQluYFpz-DbWOF0mK3o,https://i.ytimg.com/pl_c/PLIti_J5fVo4IiJWQluYFpz-DbWOF0mK3o/studio_square_thumbnail.jpg?sqp=CPrYkMIG-oaymwEICHgQeCAASFqi85f_AwYImrSIswY&rs=AMzJL3lYSq3jFPZIivo0d2aPlw8cHJPxTQ
Next Question with Katie Couric,"June 2, 2025",96,https://www.youtube.com/playlist?list=PLDQU0W6eEWxjsBfeEIaForNFIZ4Y6Ro1M,https://i.ytimg.com/pl_c/PLDQU0W6eEWxjsBfeEIaForNFIZ4Y6Ro1M/studio_square_thumbnail.jpg?sqp=CMvv9sEG-oaymwEICHgQeCAASFqi85f_AwYIyaPbtAY&rs=AMzJL3nNTmM3Jbet9Bu-qc_NhuZtAoEEzw
Next Question with Katie Couric,"May 29, 2025",96,https://www.youtube.com/playlist?list=PLDQU0W6eEWxjsBfeEIaForNFIZ4Y6Ro1M,https://i.ytimg.com/pl_c/PLDQU0W6eEWxjsBfeEIaForNFIZ4Y6Ro1M/studio_square_thumbnail.jpg?sqp=CMrx4cEG-oaymwEICHgQeCAASFqi85f_AwYIyaPbtAY&rs=AMzJL3lnlKZ9ETZLs1Ttln-taKTutq7rhQ
Gusgri Podcast,"June 7, 2025",97,https://www.youtube.com/playlist?list=PL0rT9kkqIgDewaqNB7hwUJ1_TxGr4jiCt,https://i.ytimg.com/pl_c/PL0rT9kkqIgDewaqNB7hwUJ1_TxGr4jiCt/studio_square_thumbnail.jpg?sqp=CPrYkMIG-oaymwEICHgQeCAASFqi85f_AwYIxpqJpAY&rs=AMzJL3mijDigJ3jsebAwfg0yr4D27I041A
Crime Weekly,"June 2, 2025",97,https://www.youtube.com/playlist?list=PLXRFYzcEeaXnupil1Tyko-ouvOb9EGJ3b,https://i.ytimg.com/pl_c/PLXRFYzcEeaXnupil1Tyko-ouvOb9EGJ3b/studio_square_thumbnail.jpg?sqp=CMvv9sEG-oaymwEICHgQeCAASFqi85f_AwYIjbDzoAY&rs=AMzJL3mMwQhk35RXsajxTDJCYd5RmACR1Q
Crime Weekly,"May 29, 2025",97,https://www.youtube.com/playlist?list=PLXRFYzcEeaXnupil1Tyko-ouvOb9EGJ3b,https://i.ytimg.com/pl_c/PLXRFYzcEeaXnupil1Tyko-ouvOb9EGJ3b/studio_square_thumbnail.jpg?sqp=CMrx4cEG-oaymwEICHgQeCAASFqi85f_AwYIjbDzoAY&rs=AMzJL3nAW9JePzZHkXUFoE46znl55Ntl2Q
Law&Crime On the Case with Chris Stewart,"June 7, 2025",98,https://www.youtube.com/playlist?list=PLoW1SIeAWaWZYnw0G5vqkm7iZ-sQ_MSK8,https://i.ytimg.com/pl_c/PLoW1SIeAWaWZYnw0G5vqkm7iZ-sQ_MSK8/studio_square_thumbnail.jpg?sqp=CPrYkMIG-oaymwEICHgQeCAASFqi85f_AwYIpI_5vQY&rs=AMzJL3kW6iOMSQMzss5NHqhUyl2AFczymw
Dan Wootton Outspoken,"June 2, 2025",98,https://www.youtube.com/playlist?list=PLrb1XCeNhJUHYrkqYRPfGiHjeNMhFBqXl,https://i.ytimg.com/pl_c/PLrb1XCeNhJUHYrkqYRPfGiHjeNMhFBqXl/studio_square_thumbnail.jpg?sqp=CMvv9sEG-oaymwEICHgQeCAASFqi85f_AwYI87DhwQY&rs=AMzJL3nSkGUIHfnV6JjfS4C9MDBqkuiNZQ
Dan Wootton Outspoken,"May 29, 2025",98,https://www.youtube.com/playlist?list=PLrb1XCeNhJUHYrkqYRPfGiHjeNMhFBqXl,https://i.ytimg.com/pl_c/PLrb1XCeNhJUHYrkqYRPfGiHjeNMhFBqXl/studio_square_thumbnail.jpg?sqp=CMrx4cEG-oaymwEICHgQeCAASFqi85f_AwYI87DhwQY&rs=AMzJL3ktI41Y88TgPlR98aiprO5Gy_N2fg
The Yard Podcast,"June 7, 2025",99,https://www.youtube.com/playlist?list=PLtiWkKVZkCXVu_3pkKsQviOZ7r_9b39JN,https://i.ytimg.com/pl_c/PLtiWkKVZkCXVu_3pkKsQviOZ7r_9b39JN/studio_square_thumbnail.jpg?sqp=CPrYkMIG-oaymwEICHgQeCAASFqi85f_AwYImZLEoAY&rs=AMzJL3nPU0_yGry3LjC-meTjHSNgWQcsHg
The Yard Podcast,"June 2, 2025",99,https://www.youtube.com/playlist?list=PLtiWkKVZkCXVu_3pkKsQviOZ7r_9b39JN,https://i.ytimg.com/pl_c/PLtiWkKVZkCXVu_3pkKsQviOZ7r_9b39JN/studio_square_thumbnail.jpg?sqp=CMvv9sEG-oaymwEICHgQeCAASFqi85f_AwYImZLEoAY&rs=AMzJL3n7iLcUGbh6hfd2VyVC4-VC8jkPww
The Yard Podcast,"May 29, 2025",99,https://www.youtube.com/playlist?list=PLtiWkKVZkCXVu_3pkKsQviOZ7r_9b39JN,https://i.ytimg.com/pl_c/PLtiWkKVZkCXVu_3pkKsQviOZ7r_9b39JN/studio_square_thumbnail.jpg?sqp=CMrx4cEG-oaymwEICHgQeCAASFqi85f_AwYImZLEoAY&rs=AMzJL3kj-l9eXNkIVp5oYlWNChQUaq6FqA
Pardon My Take,"June 7, 2025",100,https://www.youtube.com/playlist?list=PLUkIP2rveaukcE2YYoX1XH2lZeOdmESyh,https://i.ytimg.com/pl_c/PLUkIP2rveaukcE2YYoX1XH2lZeOdmESyh/studio_square_thumbnail.jpg?sqp=CPrYkMIG-oaymwEICHgQeCAASFqi85f_AwYInZLvogY&rs=AMzJL3noBP9TXogQPszKvFW0ZagUAZCEfA
DEBRIEFED - An AREA52 Podcast with Chris Ramsay,"June 2, 2025",100,https://www.youtube.com/playlist?list=PLI6QOLLB2jIfwijne4pyLLr7Ug0M6RQbS,https://i.ytimg.com/pl_c/PLI6QOLLB2jIfwijne4pyLLr7Ug0M6RQbS/studio_square_thumbnail.jpg?sqp=CMvv9sEG-oaymwEICHgQeCAASFqi85f_AwYIxYXspwY&rs=AMzJL3n9TB1tCtXvmuMRA3Hj9NFsNxsPGQ
DEBRIEFED - An AREA52 Podcast with Chris Ramsay,"May 29, 2025",100,https://www.youtube.com/playlist?list=PLI6QOLLB2jIfwijne4pyLLr7Ug0M6RQbS,https://i.ytimg.com/pl_c/PLI6QOLLB2jIfwijne4pyLLr7Ug0M6RQbS/studio_square_thumbnail.jpg?sqp=CMrx4cEG-oaymwEICHgQeCAASFqi85f_AwYIxYXspwY&rs=AMzJL3l_xGso1Y2BdyFMlzBwDuvsdXB0RQ